APP,Protocol
0.708333333,Forms
101 Voice,Forms
101domain,Forms
123Together Control Panel,Forms
15five,"SAML,Provisioning"
1Password,Provisioning
23Video,Forms
24SevenOffice,Forms
24slides.com,Forms
25Live,SAML
33Across,Forms
3CNET Email,Forms
3CX Phone System (management),Forms
3CX Phone System (report),Forms
3GRC,SAML
3jam,Forms
3point5.com,Forms
42Goals,Forms
43 Things,Forms
451 Research,Forms
4me,Provisioning
4QSurvey,Forms
500px,Forms
60mo,Forms
6sense ABM & Analytics,SAML
8x8,SAML
8x8 (VCC Admin) (custom subdomain),Forms
8x8 (VCC Admin) na4,Forms
8x8 (VCC),Forms
8x8 Account Manager,Forms
8x8 Virtual Office,Forms
99designs,Forms
"a la mode, inc.",Forms
A Thin Line - Admin,Forms
A2 Hosting,Forms
Abacus,SAML
Absorb LMS,"SAML,Forms"
ABUKAI User Account,Forms
Accellion,SAML
Accellion - Kiteworks,SAML
Accelo,Forms
Accelus,SAML
acceptd,Forms
Access Sotheby's,Forms
Accessit,SAML
Accountants Office,Forms
AccountCentral,Forms
Accounting Portal,Forms
Ace of Sales,Forms
AceProject,Forms
Achieva Credit Union,Forms
Acronis,Forms
Acteva,Forms
Action Method,Forms
actionplanner,SAML
Activaire,SAML
Active Campaign,Forms
Active Campaign - 3CNET,Forms
Active Gate SS,SAML
activecollab,Forms
Acunote,Forms
ADAM cargigi.com,Forms
Adaptive Insights,SAML
Adaptive Planning,Forms
Adblade,Forms
AdBook,SAML
adBrite,Forms
AdClarity,SAML
AdColony,Forms
Adconion Media Group,Forms
Adgitize,Forms
Ad-Juster,SAML
adlogic,Forms
adMarketplace.com,Forms
AdMaster,SAML
Admeld,Forms
AdMob,Forms
Adobe AEM,SAML
Adobe Connect,Forms
Adobe CQ5,"SAML,Provisioning"
Adobe Creative Cloud,Forms
Adobe Sign,"SAML,Provisioning,Forms"
ADP,SAML
ADP HR Benefits,Forms
ADP iPay,SAML
ADP iPay - Staging,SAML
ADP Kiosque,Forms
ADP Portal - Admin,Forms
ADP Retirement Services - Participants,Forms
ADP Retirement Services - Sponsors,Forms
ADP TotalSource,SAML
ADP TotalSource Relay,SAML
ADP Vantage,SAML
ADP Vantage - Staging,SAML
AdReady,Forms
AdRoll,Forms
AdStage,Forms
Advanced Emedia,Forms
Advertise.com,Forms
Advertising.com Report,Forms
Advertising.com Sponsored Listings Network,Forms
AdvisorLynx,Forms
ÂêçÂà?„Éê„É?„ÇØ,Forms
AEFIS,SAML
AeroHive,SAML
Aerohive (DK),Forms
Aetna,Forms
Aetna Navigator Prod,SAML
Aetna Navigator QA,SAML
Affinity.com,Forms
AffinityLive Login,Forms
Agencypad CD's Online,Forms
AgileZen,Forms
Agree,SAML
Aha!,"SAML,Forms"
Air Asia Agent Login,Forms
Air New Zealand,Forms
Airbnb for Work,Forms
Airbrake,Forms
AirCanada,Forms
AirDropper,Forms
AirWatch,Forms
AirWatch (Custom Domains),SAML
Airwatch (VMWare),Provisioning
Aisle8,Forms
Akamai Luna,"SAML,Forms"
Akismet,Forms
Alarm,Forms
Albridge Analytics,Forms
Alchemy,Forms
AlertFox,Forms
AlertLogic Console EU,Forms
AlertLogic Console US,Forms
AlertMedia,SAML
AlertPay,Forms
Alertsec,Forms
AlertSite,Forms
Alfresco,Forms
AliasBoard,SAML
Allegiance,Forms
Allego Dev,SAML
Allego Prod,SAML
Allen Communication,SAML
Allocadia,SAML
AllScripts,Forms
AllScripts Production,Forms
Allstate Insurance,Forms
Aloha Enterprise,Forms
Alonso Casestack,Forms
Alpha Review Corporation,Forms
AltiumLive,Forms
Altius2,Forms
Amadeus,SAML
Amazon Advantage,Forms
Amazon Affiliate Program,Forms
Amazon Business (Non-US),SAML
Amazon Business (US),SAML
Amazon CA Vendor Central,Forms
Amazon Connect,SAML
Amazon Fresh,Forms
Amazon Mechanical Turk Worker,Forms
Amazon Seller Central,Forms
Amazon Seller Central - International,Forms
Amazon Vendor Central,Forms
Amazon Web Services,Forms
Amazon Web Services - IAM,Forms
Amazon Web Services (AWS),"SAML,Provisioning"
Amazon Web Services (AWS) Multi Account,SAML
Amazon Web Services (AWS) Multi Role,SAML
Amazon Web Services (AWS) Relay State,SAML
Amazon Web Services (AWS) Single Role (CN),SAML
Amazon Web Services GovCloud (AWS),SAML
Amazon Web Services GovCloud (AWS) Multi Role,SAML
Amazon Web Services Test,Forms
Ambari,Forms
Ameresco,Forms
American Bar Association,Forms
American Express (sso.americanexpress.com),Forms
American Express Merchant,Forms
Amerilert,SAML
Amplitude,SAML
AMS360 Login,Forms
Anadea,SAML
AnalyticsView,Forms
Anaplan,SAML
Anaqua,SAML
Ancestry.com,Forms
ANCILE uAlign,SAML
Andromeda On-Premise,SAML
Andromeda SaaS,SAML
Angel,Forms
Angel Oak Portal,Forms
AngelList,Forms
AnswerHub,SAML
AnyPerk,SAML
ANZ Internet Banking,Forms
AON Hewitt Prod,SAML
AON RiskConsole,SAML
AP Business Contacts,Forms
Apartment Ratings - Manager,Forms
Apartment Ratings - User,Forms
Aperture,SAML
Apozy,Forms
App Annie,"SAML,Forms"
App.net,Forms
Appature,SAML
Appbot,SAML
AppDynamics,"SAML,Forms"
AppDynamics (Custom Domain),Forms
AppFog,Forms
AppHarbor,Forms
Appian BPM 7.11+,SAML
Appian BPM up to 7.10,SAML
Applane CRM,Forms
Apple Community,Forms
Apple Deploy,Forms
Apple Developer Connection,Forms
Apple JointVenture,Forms
Apple Repairs,Forms
application123,Forms
AppMakr,Forms
AppMatcher,Forms
Appointy,Forms
AppRiver,Forms
AppSense,SAML
Apps-Portamedic,Forms
Appspot,Forms
Appsumo,Forms
Apptio,SAML
Apptivo,Forms
Aprimo,Forms
Aprimo Updated,SAML
APS Payroll,Forms
Apsis Newsletter Pro,Forms
Apteligent,SAML
AQL,Forms
Aquera,Forms
ArcGIS,SAML
ArcGIS Portal (on prem),SAML
Ariba,SAML
Arihant Holidays,Forms
ARIN,Forms
Arizona District Court Search,Forms
Arizona Women Lawyers Association,Forms
Arkovi,Forms
Arms Web,Forms
Arrowhead Direct,Forms
ArticleBase,Forms
Artifactory,SAML
Artifactory (unspecified),SAML
Artifactory (with groups),SAML
Aruba Partner Center,Forms
Aruna,Forms
Asana,"SAML,Provisioning"
Ascendify,SAML
Asimut,Forms
Ask.com Marketing,Forms
AskYourTargetMarket,Forms
Aspire,SAML
Assembla,Forms
Asset Bank,SAML
Asset Panda,SAML
AssetPanda,Forms
Assistly,Forms
AsureForce,"SAML,Forms"
AsureForce (Signed Assertion),SAML
AsureSpace: MRM,"SAML,Forms"
AsureSpace: MRM (custom url),SAML
AsureSpace: Resource Scheduler,SAML
AsureSpace: Resource Scheduler NameID mail,SAML
AsureSpace: SmartTag,SAML
AsureSpace: Workspace Manager,SAML
AsureSpace: Workspace Manager US,SAML
AT&T Business Direct for Enterprise,Forms
AT&T Connect Communications Center,Forms
AT&T Small Business Account Manager,Forms
AT&T Small Business Direct,Forms
Aternity,Forms
athenaNet,Forms
Atlassian Cloud,"SAML,Provisioning"
Atlassian OnDemand (Google),Forms
Atlassian OnDemand (OneLogin Wiki),Forms
Atlassian OnDemand (Wiki),Forms
Atlassian Plugin Exchange,Forms
Atlassian Support System,Forms
AtmailCloud-direct,Forms
Atomic Learning,"SAML,Forms"
Atos Customer Portal,Forms
AtTask,"SAML,Forms"
AtTask Sandbox,SAML
A-tune,SAML
Auctiva,Forms
Audi Connect,Forms
Audi Financial Services,Forms
Audi of America,Forms
AudiencePoint,Forms
Authority Labs,Forms
Authorize.Net,Forms
Authorize.net Reseller,Forms
AuthSMTP,Forms
AutoAlert,Forms
Autodesk 360,Forms
Automox,SAML
AutoRevenue,Forms
Autotask,Forms
Autotask - Client Access,Forms
AutoTrader.com Dealer Portal,Forms
AutoUSA,Forms
Avalara AvaTax,Forms
Avantlink,Forms
Avanza,Forms
Avast Business,Forms
Aveksa,Forms
AVG CloudCare (US),Forms
AvidXchange,Forms
Aviso,SAML
AvMed,Forms
AVV Web Control,Forms
Awareness Hub,Forms
AWeber,Forms
AWS Cognito,SAML
AWS GovCloud (US),SAML
AWS Partner Portal,Forms
AWS SSO SCIM Integration - V2,Provisioning
AXA Equitable,Forms
Axcet HR Solutions Employee Portal,Forms
BackgroundsOnline,Forms
Backpack,Forms
Backstage,Forms
BAL Global,SAML
Balsamiq,Forms
BambooHR,SAML
BambooHR (US or UK Domain),SAML
Bambu by Sprout Social,SAML
BAML Markets,Forms
Bank Hapoalim,Forms
Bankwest Online Banking,Forms
Barclays Live (Client Login),Forms
BariumLive,Forms
Barnes & Noble,Forms
Barnes & Noble Seller Account,Forms
Barracuda Networks,Forms
Base CRM,"SAML,Forms"
basecamp,Forms
Basecamp Classic,Forms
BasecampTEST,Forms
basecone,Forms
BatchBook,Forms
Bazaarvoice,Forms
BBB Boston,Forms
BCD Travel,SAML
BCD Travel test,SAML
BDiscovered,Forms
Beacon,SAML
Beam,SAML
Beamery,SAML
BeanStalk,Forms
Beanstream,Forms
Bear River BearTracks,SAML
Bear River BearTracks Dev,SAML
Beauty of the Night,Forms
Beeline,SAML
Beetil,Forms
Behance Network,Forms
Benefit Express,SAML
Benefit Express - Test,SAML
Benefitfocus,SAML
Benefits Passport,SAML
BenefitSolver,SAML
Benevity,"SAML,Forms"
Berry Link,Forms
Best Buy Credit Card,Forms
Best Stuff,Forms
BetterWorks,"SAML,Forms"
BeyondTrust,SAML
Biba,SAML
Bidsketch,Forms
Bidtellect,Forms
BigCommerce,Forms
BigMachines,"SAML,Forms"
BigPanda,SAML
BigPulse,SAML
bigtincan hub,SAML
Bijk,Forms
Bill.com,Forms
Bill4Time,Forms
BillFLO,Forms
Billing Manager,Forms
billQ,Forms
Bime,"SAML,Forms"
Bing Ads,Forms
Bing Webmaster Tools,Forms
BioRAFT,SAML
Birst,"SAML,Forms"
Birst Free Trial,Forms
BitBucket,Forms
Bitdefender,Forms
bitFit,SAML
Bitglass,SAML
Bitly,"Provisioning,Forms"
Bits on the run,Forms
BitSight Technologies,SAML
Biz Netvigator,Forms
Black Diamond,Forms
BlackBerry Developer Zone,Forms
Blackboard Learn,SAML
Blackline Production,SAML
Blackline Sandbox,SAML
Blacksmith Apps,SAML
Blacksmith Apps-PerdueProd,SAML
Blinksale,Forms
blip.tv,Forms
Bloomberg Institute,Forms
Bloomboard,SAML
Bloomfire,"SAML,Forms"
Blue Jeans Network,"SAML,Forms"
Blue Jeans Network - Staging,SAML
Blue Moon Software,Forms
Blue Ocean Brain,SAML
Blue Ocean Brain ID Specific,SAML
Blue Shield of California,Forms
Blueboard,"SAML,Provisioning"
Bluebox Security,"SAML,Provisioning"
BlueCross BlueShield of Florida,Forms
BlueFolder,Forms
Blueforce,Forms
BlueHost,Forms
BlueKai,Forms
blueKiwi,Forms
BMC Communities,Forms
BMC MyIT,SAML
BMC Software,Forms
BoardEffect,SAML
BoardOnTrack,Forms
Bob,SAML
Bold Chat,Forms
Bolo Software,Forms
Bomgar,SAML
Bon Ton Stores,Forms
Bonusly,"SAML,Provisioning"
Book Oven,Forms
Booking.com Hotel Extranet,Forms
Booking.com Hotel Extranet Test,Forms
Boomi,Forms
Boomi Atomsphere,SAML
Boston Mutual Life Insurance,Forms
Boulevard R,Forms
Box,"SAML,Provisioning,Forms"
Box - Subdomain,Forms
Box Office Tickets,Forms
bpmonline,SAML
bpmonline (w/ signed response),SAML
BQE Core,Forms
BrainPop,Forms
BrainPOP Jr,Forms
Brainshark,SAML
Brainshark Branded,Forms
Brainshark Staging,SAML
BrainStorm,SAML
Brainstorm (New - Staging),SAML
Brainstorm (New),SAML
Braintree,Forms
Branch.io,SAML
Brandfolder,SAML
Brands of the World,Forms
Brassring Production,SAML
Brassring Staging,SAML
Bridge,SAML
Bridge Learn,SAML
BridgeTrack,Forms
Bright Funds,SAML
Bright House Networks,Forms
Bright Idea,SAML
Brightbox.co.uk,Forms
Brightcove Gallery Site,SAML
Brightcove VideoCloud,Forms
BrightEdge,Forms
Brightflag,"SAML,Provisioning"
BrightFunnel,Forms
BrightMove,Forms
BrightScope,Forms
BrightTalk,Forms
Brilyint,SAML
Bristol Online Surveys,Forms
Brivo ACS,Forms
Brixton Dashboard,"SAML,Forms"
Brizzly,Forms
Broadbean,Forms
Broadview Networks,Forms
BrokerAssist,Forms
Brokeroffice,Forms
BrokerOfficeSolutions Agent,Forms
BrokerOfficeSolutions Brokerage,Forms
Browsera,Forms
BrowserCam,Forms
BrowserShots,Forms
BrowserStack,"Provisioning,Forms"
Brushup,SAML
BSI,SAML
BSI Engage,SAML
bswift,SAML
bswift QA,SAML
bswift Sandbox,SAML
BTSi Sales Support,SAML
BTSi Support,SAML
Buddy Punch,Provisioning
Buffer,Forms
Bugcrowd,"SAML,Forms"
Bugcrowd Researcher,Forms
BugHerd,Forms
Bugsnag,SAML
bugzilla,Forms
Building Champions (Admin),Forms
Building Engines,Forms
Buildkite,SAML
BuiltWith TrendsPro,Forms
Bulk SMS Admin - 3CNET,Forms
Bulk SMS Client - 3CNET,Forms
BulkRegister,Forms
Bullhorn,SAML
Bullhorn Mobile,SAML
Bullhorn Reach,Forms
Bullhorn Staffing (subdomain),Forms
Bullseye Talent Development Portal,SAML
Bullseye Talent Management System,SAML
BullseyePerformance,SAML
Bureau Works,OIDC
BurrellesLuce,Forms
Bushel,Forms
Business Catalyst,Forms
Business Catalyst - Old,Forms
Business Catalyst Partner Portal,Forms
Business Exchange,Forms
Business Objects,Forms
Business Online Payroll - Admin,Forms
Business Online Payroll - Employee,Forms
buySAFE Merchant Login,Forms
Buzzcar,Forms
BYOD Portal,Forms
CA SiteMinder,SAML
CacheFly,Forms
Cacoo,Forms
Cacti,Forms
Cadaret Grant,Forms
CADLearning,SAML
Cael,SAML
Cael LPM,SAML
CakeHR,"SAML,Provisioning"
CakeMail,Forms
Calabrio,SAML
Calendly,Provisioning
Calero,SAML
California Bank and Trust,Forms
Call Measurement,Forms
Callab Nokia,Forms
Callbright,Forms
CallFire,Forms
Callmax,Forms
CamCard Business (Japan),Forms
CampBrain,Forms
Campfire,Forms
Campus Labs,SAML
Campus Labs (user provisioning),SAML
Camstar,Forms
Candidate Capture,Forms
Canvas,Forms
Canvas (Branded),SAML
Canvas (Test Realm) upgrade 6/23/18,SAML
Capital Office Products - Url,Forms
"Capital Plus, Inc.",Forms
CapitalIQ,Forms
CapLinked,Forms
Capsule CRM,Forms
Capterra,Forms
Carbon Black,"SAML,Forms"
Carbonite Pro,Forms
Cardcloud,Forms
Cardmember Service,Forms
CardMunch,Forms
Career Innovation Zone,SAML
CareerBuilder,"SAML,Forms"
CareerBuilder - accounts.careerbuilder.com,SAML
CareFirst Administrators,Forms
Carnegie Insurance,Forms
Cars.com Dealer Center,Forms
Cartavi,Forms
CashBase,Forms
Cashboard,Forms
Caspio,Forms
Cast Iron Live,Forms
Castlight,SAML
CastLight 2,SAML
Catalyst,SAML
Catalyst Telecom,Forms
Catch.com,Forms
catchpoint,"SAML,Forms"
cater2.me,SAML
Catertrax,SAML
Cats,Forms
Causecast Production,SAML
Causecast QA,SAML
Cayzu Agent Portal,SAML
Cayzu End User Portal,SAML
CBT Nuggets,Forms
CC Visual Website Optimizer CC,Forms
CCS Management Information System Online,Forms
CD Baby,Forms
CDWG,Forms
Cebu Jobs,Forms
CECity,SAML
CECity Prod,SAML
CELCAT,SAML
Celery,Forms
Cengage,Forms
CenterBeam Spam Manager,Forms
Central Desktop,Forms
Centricity Solutions,Forms
Century Link Cloud,SAML
Ceridian Ereports,Forms
Ceridian Time Professional,Forms
Certify,"SAML,Forms"
CertiPay,SAML
CFP Board,Forms
ChangePoint,SAML
Chargify,Forms
Charles Schwab,SAML
Charles Schwab Compliance Technologies,SAML
Charles Schwab QA,SAML
Charles Schwab Retirement Planning,Forms
Chartbeat,Forms
Chartboost,Forms
Chartio,"SAML,Forms"
Chase Paymentech,Forms
ChatWork,SAML
CheckAppointments,Forms
Checkdomain,Forms
Checkpoint,SAML
Checkpoint Learning (admin),Forms
Checkpoint Learning (end user-no admin),Forms
CheddarGetter,Forms
Chef Hosted,Forms
CHEP PortfolioPlus,Forms
Cherwell (for 4SL),SAML
Chevrolet,Forms
Chinwag Jobs,Forms
Choice Hotels,Forms
Chrome River,SAML
Chrome River - Cluster options,SAML
Chrome River Dev,SAML
Chrome River QA,SAML
Chrome River Staging,SAML
Chrometa,Forms
Chrysler DealerConnect,Forms
Chrysler Financial Connect,Forms
CIBC Online Banking,Forms
Cigna AgentView,Forms
Cigna Client Resources,Forms
Cin7,Forms
Circle Bank,Forms
CircleCI (Bitbucket),Forms
CircleCI (GitHub),Forms
Cisco CDClogin,Forms
Cisco RES,SAML
Cisco UC,SAML
Cisco Webex Control Hub,SAML
CisionPoint,Forms
Citi Commercial,Forms
Citrix Account,Forms
Citrix Netscaler V10.5,SAML
Citrix Netscaler V10.5 testing only,SAML
Citrix Receiver,Forms
Citrix Sharefile VDR,Forms
Citrix XenApp,Forms
Citrix XenApp (https),Forms
City Lighting Order Guide,SAML
City of San Diego Rental Unit Business Tax Billing Payment Service,Forms
City of San Diego SAP,SAML
CityGrid Media,Forms
Civic Plus,Forms
Civis Platform,"SAML,Provisioning"
Clari,SAML
Clarify-it,Forms
Clarizen,"SAML,Provisioning,Forms"
Claromentis,SAML
ClassDojo,Forms
Clear Review,SAML
ClearBenefits,"SAML,Forms"
Clearbit,Forms
ClearCheckbook.com,Forms
Cleardocs,Forms
ClearSlide,"SAML,Provisioning,Forms"
Clever,SAML
Click2Mail,Forms
Clickable,Forms
Clickatell,Forms
ClickBank,Forms
ClickBook,Forms
ClickRiver,Forms
ClickSend.com,Forms
Clicksor,Forms
ClickTale,Forms
ClickTime,"SAML,Forms"
Clickview AU,SAML
ClickView TV,Forms
Clio,Forms
ClockIn Portal,Forms
Clockspot,Forms
Cloud 9 Analytics,Forms
Cloud Aspects,Forms
Cloud Cannon Editor,SAML
Cloud Cannon Site,SAML
Cloud Services Depot,Forms
Cloud Testing,Forms
Cloud Vertical,Forms
Cloud9 IDE,Forms
Cloudant,Forms
CloudApp,"SAML,Provisioning,Forms"
CloudBees,"SAML,Forms"
Cloudbooking,"SAML,Provisioning"
CloudCheckr,SAML
CloudCheckr Multi,SAML
Cloudflare,Forms
CloudHealth,SAML
Cloudinary,SAML
Cloudkick,Forms
CloudLock,SAML
CloudPassage,Forms
CloudPassage Halo (auth-only),SAML
CloudPassage Halo (with provisioning),SAML
CloudPassage Halo v2.0 Portal,SAML
CloudPay_Test1,SAML
Cloudring,Forms
CloudSaver,SAML
CloudShare Enterprise,Forms
CloudShare Pro,Forms
Cloudshark,SAML
CloudSponge,Forms
CloudWork,Forms
Clover,Forms
Cloverpop,"SAML,Provisioning"
Club Express,Forms
ClustrMaps,Forms
CMT,Forms
CMx Contract Experience,SAML
CNA Surety (Agent),Forms
Cobalt,Forms
CobbleStone Systems,SAML
CobbleStone Systems*,SAML
Cobot,Forms
Code School,Forms
Code42 CrashPlan,SAML
CodebaseHQ,Forms
Codenvy,Forms
CoderPad,"SAML,Forms"
CodeRun,Forms
Codesignal,Provisioning
Codesion,Forms
Coggle,SAML
COI-Smart,SAML
ColdJet - Help Desk,Forms
ColdJet - MyColdJet,Forms
CollaboFlow,SAML
CollaborNation,SAML
Collective Health,SAML
Collective Health UAT,SAML
Colorado Secure Business,Forms
Comcast Business,Forms
Comdata,Forms
CoMindWork,Forms
CommerceHub,Forms
CommercialTribe,SAML
Commission Junction,Forms
CommonwealthBank - NetBank,Forms
Communifire,SAML
CommunityAmerica Credit Union,Forms
Comodo Instant SSL,Forms
CompanyPond,Forms
Compass Royalty,Forms
compbenefits,Forms
Compete,Forms
Compliance Depot,Forms
Compliance Metrix - Subdomain,Forms
Compliance Science,SAML
Compliance Science - Personal Trading Control Center,Forms
Compliance Science (legacy PTCC),SAML
Compliance Wire,"SAML,Forms"
ComplianceManager,SAML
Complysci,SAML
CompStudy,Forms
CompXL,SAML
CompXL QA,SAML
comScore,Forms
Con Direct,Forms
Concep Send,Forms
Conceptboard,Forms
Concord,SAML
ConcretePlatform,SAML
Concur,SAML
Concur (Secondary Endpoint),SAML
Concur Breeze,Forms
Concur Dev,SAML
Concur EU1,SAML
Concur Implementation,"SAML,Provisioning"
Concur SP SSO,SAML
Concur Travel,SAML
Condeco Enterprise,SAML
Condeco Enterprise (HTTPS),SAML
Condeco Enterprise UAT,SAML
Conduit Mobile,Forms
Confer,SAML
Conferencing Portal Website,Forms
Confluence 5,SAML
Connect Powered by Deem,SAML
Connected Data,Provisioning
Connected Data Dev,SAML
Connected Data Prod Staging,SAML
Connected Data QA,SAML
Connected HQ,Forms
ConnectWise,Forms
ConnectWise (Custom URL),Forms
Connectwise Control,SAML
ConnectWise Manage,SAML
Connectwise Sell,Forms
Consiva,SAML
Consiva UAT,SAML
Constant Contact,Forms
Constant Contact Partner Console,Forms
Contact Management,Forms
ContactAtOnce!,Forms
Contactology,Forms
Contactual,Forms
Contactual w/ Tenant,Forms
Contactually,Forms
Contactzilla,SAML
Contently,Forms
Context,Forms
Continental Airlines,Forms
Continu,SAML
ContractExpress.com,Forms
ContractWorks,SAML
CoolerEmail,Forms
Copper,Forms
Copper Egg,Forms
Copyscape,Forms
Coralogix,SAML
CoralTree,Forms
Corcentric COR360,"SAML,Forms"
Corcentric COR360 [UAT],SAML
Cordys,SAML
Core CloudInspect,Forms
Coremetrics Analytics,Forms
Cornerstone for Small Business,SAML
Cornerstone for Small Business Test,SAML
Cornerstone OnDemand,"SAML,Forms"
Cornerstone OnDemand (All OUIDs),SAML
Corporate Imaging Concepts (CIC),SAML
Corporate Perks,Forms
CorpTrav,Forms
Cosential,Forms
CoSign,Forms
Costco Business,Forms
Cotap,SAML
Cotendo,Forms
CoTweet Enterprise,Forms
Counsel Link,SAML
Counsel Link Sandbox,SAML
CounterPath,Forms
Coupa,SAML
CourseCompass,Forms
Covad,Forms
Covestor,Forms
Cozimo,Forms
CPA Global,SAML
cPanel/WHM,Forms
Craigslist,Forms
Crashlytics,Forms
Crashplan Cloud Console,Forms
Crazy Domains,Forms
Creately,Forms
Creative Marketing,Forms
CredentialCheck,Forms
Credit Safe,Forms
CrispThinking,Forms
Criteo Advertising,Forms
Criteo Publisher Marketplace,Forms
CritSend,Forms
crocodoc,Forms
CrossBrowserTesting,"SAML,Forms"
CrossLoop,Forms
Crowd Analyzer,Forms
Crowdbooster,Forms
Crowdcurity,Forms
CrowdFlower,Forms
Crowdicity,SAML
Crowdicity Mobile,SAML
Crowdin,Forms
Crowdmap,Forms
crowdSPRING,Forms
Crucial,Forms
Crump Life Insurance,Forms
CrunchBase,Forms
Crunchboard UK,Forms
CrunchConnect,Forms
CrushFTP,SAML
Crystal Reports,Forms
Cryvia,SAML
CS Cart Helpdesk,Forms
CSCampus Dashboard,Forms
Cubby,Forms
Cube19,Forms
Cue,Forms
Culture Amp,SAML
CultureHQ,SAML
CurdBee,Forms
CURIO Tech,SAML
Curocomp,SAML
CurrencyTeller,Forms
Customer Thermometer,Forms
Customer.io,Forms
CustomGuide Interactive Training,Forms
CustomShow,SAML
Custora,Forms
Cvent,SAML
CVS Photo,Forms
CWJobs - Recruiters,Forms
CyberArk,SAML
CyberArk v10+,SAML
CyberGhost,Forms
CyberGrants - Production (Internal Users),SAML
CyberGrants - Staging (Internal Users),SAML
CyberSource Business Center,Forms
CyberSource Business Center (Test),Forms
CyberU,Forms
Cybozu,SAML
Cyfe,Forms
CylancePROTECT,SAML
D&B - Contract Access,Forms
Daptiv,"SAML,Forms"
Darron-Loki Portals,"SAML,Provisioning"
Darwinet Client,Forms
Data Marketplace,Forms
Datablaze,SAML
Databricks,"SAML,Provisioning"
Datacert Passport,SAML
DataDog,SAML
Datadog Custom Domain,SAML
Dataprise,Forms
DataSift,Forms
Datastream,Forms
Day Dots,Forms
DayClips Office,Forms
Dayforce HCM,Forms
Dayforce HCM Prod,SAML
Dayforce HCM Test,SAML
Dayforce Support,Forms
DDI FSP Login,Forms
Dealer Specialties - dealer login,Forms
Dealer.com,Forms
Dealer.com ‚Äì ControlCenter 7,Forms
DealerOn,Forms
DealershipRater,Forms
DealerSocket,Forms
DealerSuite,Forms
DealerTrack,Forms
Dealix Dealer Services,Forms
DEAN Alert,Forms
Dear Inventory,Forms
Debtor Daddy,Forms
Decisive,SAML
Declaree,SAML
Defined STEM,Forms
DEFT Payment Systems,Forms
Degreed,SAML
Delego,SAML
Delighted,Forms
Dell ecomm,Forms
Dell Premium,Forms
Demandware Xchange,Forms
DePaul Campus Connect,Forms
Deploy HQ,Forms
DeployGate,SAML
Deposit Photos,Forms
Deputy,"SAML,Forms"
Design On Click,Forms
Designer Pages,SAML
Desire2Learn,SAML
Desire2Learn (Shibboleth),SAML
Desk.com,SAML
DeskAway,Forms
Deskera,Forms
Desknet Cloud (Desktop),Forms
Desknet Cloud (Mobile),Forms
DeskPRO User Portal,SAML
Desktop Act,Forms
Destwin,SAML
Deveo,SAML
DevGuard.com,Forms
deviantART,Forms
DeviceAnywhere,Forms
dfplus.io,Forms
DHL,Forms
Dialpad,"SAML,Provisioning"
Dice Employer,Forms
DIDWW,Forms
Diesel Forward,Forms
DigiCert,Forms
Digify,SAML
Digital Ocean,Forms
DigitalChalk,SAML
DimDim,Forms
Dimensional Fund Advisors,Forms
DirectNIC,Forms
DirectorsDesk,Forms
Discourse,Forms
DiscoverOrg,Forms
Discovery Benefits [Cobra],Forms
Discuss This,Forms
Disney,Forms
Disney Firefox Developer,Forms
Disney Vendors,Forms
Disqus,Forms
Distil Admin Portal,Forms
Distimo Monitor,Forms
DIYSEO,Forms
dlvr.it,Forms
DMS 2,Forms
DMV,Forms
DNAmail,Forms
DnB - iUpdate,Forms
DNS Made Easy,Forms
DNS Park,Forms
DNSstuff,Forms
DNS-tool,Forms
Do.com,Forms
DocBase,SAML
Docebo,SAML
Docebo Multi Domain,SAML
DocSend,"SAML,Provisioning"
Docstoc,Forms
Docupace,Forms
Docurated,SAML
DocuSign,Provisioning
DocuSign (US),Forms
Docuter,Forms
doeLEGAL,SAML
Dollar Rent a Car,Forms
domainFactory,Forms
Domains By Proxy,Forms
DomainsNext,Forms
DomainTools,Forms
Dome9,SAML
Domo,"SAML,Forms"
Domo [Custom Sites],Forms
DotCloud,Forms
dotloop,"SAML,Forms"
dotloop Stage,SAML
DotNetNuke,Forms
Dotster,Forms
dotSUB,Forms
Double Robotics,Forms
DoubleCheck,SAML
DoubleClick for Publishers,Forms
DOVICO Software,Forms
doxIQ,Forms
Dozuki,SAML
DPD: Digital Product Delivery,Forms
DrawLoop,Forms
Dreamhost,Forms
DreamSimplicity,Forms
Dribbble,Forms
Drift,"SAML,Provisioning"
Drip,Forms
DriveHQ,Forms
Drivve,SAML
Dropbox,"SAML,Provisioning"
Droplr,SAML
DropMind,Forms
DrugStore.com,Forms
Drupal 7,SAML
Drupal 8,SAML
Drupal Gardens,Forms
Drupalize.Me,Forms
Druva,SAML
Druva Phoenix,SAML
DSpace,SAML
Duedil,Forms
Duo Admin Panel,SAML
Duo Admin Panel (encryption),SAML
Duo Administration,Forms
Duo Network Gateway,SAML
DurableDNS,Forms
Dwolla,Forms
Dynamic Signal,SAML
Dynamix-Cloud Control,SAML
Dynamix-Cloud Control (Beta),SAML
Dynamix-Cloud Control (Dev),SAML
DynDNS,Forms
Dynect,Forms
Dynect Email,Forms
e2Campus,"SAML,Forms"
Eagleview Technologies,Forms
Earcu (under development),SAML
Earth Class Mail,Forms
EASi,SAML
EasiAdmin,Forms
Easton,Forms
Easy Systems,SAML
easyBi,Forms
EasyDNS,Forms
EasyMatch,SAML
EasyRevu,Forms
EasyVista,SAML
EAT Club,SAML
eBillity,Forms
EBIX,SAML
eBridge Interactive,Forms
EBSCO Host,Forms
EBSCOHost,SAML
e-Builder,SAML
eCarList,Forms
ecertsonline user guide,Forms
ecertsonline.com,Forms
Eclipse PPM,SAML
e-conomic,Forms
e-conomic clone,Forms
ed1stop,Forms
E-Days,SAML
EDF Energy,Forms
EdgeCast,Forms
Edifice,Forms
EDIS,Forms
Edivate,Forms
Edmego,"SAML,Provisioning"
Edmodo,Forms
Edocr,Forms
EdReady,SAML
Educare - Student,Forms
Education MarketView,Forms
Edward Jones,Forms
eeStrategy,SAML
eeStrategy Test,SAML
eFax,Forms
eFax Corporate,Forms
eFax Developer Portal,Forms
Effacts,SAML
e-fon,Forms
Egencia,SAML
Egencia (Deprecated),SAML
Egencia (EU),SAML
Egencia Canada,SAML
Egencia Domains,SAML
Egencia France,SAML
Egencia UK,SAML
Egnyte,"SAML,Provisioning,Forms"
EGOTEC Saas Desktop,Forms
eHousing Plus,Forms
EHS Insight,SAML
eIFRS,Forms
einfachLohn,Forms
EKP,SAML
Ektron,Forms
Ekualiti,SAML
eLabCorp,Forms
ELance,Forms
Elastic Cloud,Forms
Elastic Server,Forms
Elastica,SAML
Elastica for Cisco,SAML
ELEAD1ONE,Forms
ELEAD1ONE (subdomain),Forms
eLeaP,SAML
Electronic Federal Tax Payment System,Forms
Element Payment Services,Forms
Elevatorboutique.com,Forms
Ellucian WebAdvisor,SAML
Ellucian WebAdvisor (attribute encryption),SAML
Elluminate,Forms
eLogic Learning,SAML
Eloqua,"SAML,Forms"
Email Center Pro,Forms
Email Data Source,Forms
Email Laundry Administration Console,Forms
Email Laundry Discovery Archive,Forms
Email Laundry Personal Archive,Forms
Email Laundry Web Security Service,Forms
Email Laundry Webmail,Forms
Email Me Form,Forms
Email on Acid,Forms
EMaint,Forms
eMaint (SSL),SAML
eMarketer,SAML
eMarketing Suite,Forms
Embark Mobile,Forms
Embed.ly,Forms
Embed.ly clone for testing,Forms
eMentorConnect (In Testing),SAML
eMobus,SAML
eMonitor,Forms
Emor Spring,Forms
EmpLive,SAML
EmpLive ESS,SAML
Employ Florida Marketplace,Forms
Employee Benefits Corporation,Forms
Employer eServices,Forms
Employers Choice Online,Forms
EmployWise,Forms
Empower Retirement,Forms
Empower Retirement Security Question p2,Forms
Empower Software,SAML
Emptoris,SAML
EnableHR,Forms
Enboarder,SAML
encoding.com,Forms
Endicia,Forms
Engagedly,SAML
Engageexpress Staging,SAML
EngageSciences,Forms
Engagio,SAML
Engine Yard,Forms
Engrade,Forms
eNom,Forms
eNom Domain Services,Forms
eNomCentral,Forms
Enterprise Rental Car,Forms
Enterprise TMS,Forms
Enthusem,Forms
entreprise-facile,Forms
EntroPay,Forms
Envestnet,SAML
Envi by Inventory Optimization Solutions,SAML
Envisage,SAML
Envisio,SAML
Envoy,"SAML,Provisioning"
EOS.Web,SAML
ePal,Forms
EpicCare eReferral,Forms
Epicenter Document Management,Forms
ePlan Services,Forms
ePlatform,SAML
ePost,Forms
EPRC Asking,Forms
EPRC Transaction,Forms
ePropertySites.com,Forms
EqualLevel,SAML
Equinix Customer Care Portal,Forms
eQUIP,SAML
Equitable Health CA,Forms
eReceptionist,Forms
eRelocation,Forms
Ericom AccessNow Client,Forms
Ericom Connect AccessPortal,Forms
Erply,Forms
Escrow.com,Forms
Esignit,Forms
Esponce,Forms
Esri Customer Care,Forms
EstiBot,Forms
EtherPad,Forms
Ethn.io,Forms
etouches Admins,SAML
etouches Registrants,SAML
EuroDNS,Forms
Europcar,Forms
EV.Cloud,SAML
Evenex Purchase to Pay,Forms
EventID,Forms
EventMobi,Forms
Everbridge Aware,Forms
Everbridge Manager,SAML
Everbridge Member,SAML
Evernote,"SAML,Provisioning"
Evernote Sandbox,SAML
EveryoneSocial,SAML
Evident.io,SAML
Evite,Forms
evoClock,Forms
evoClock+,Forms
Evolution AI,SAML
Evolution1-Training,Forms
Evolution1-TrainingEmployer,Forms
evoPay,Forms
eWay,Forms
eWay Partner Portal,Forms
EWS Kiosk,Forms
Exact Online,Forms
ExactTarget,SAML
ExamBuilder Instrutor,Forms
ExamBuilder Student,Forms
ExaVault,Forms
Executive Board,SAML
Exiger Insight3PM,SAML
Expedia - Australia,Forms
Expedia - Canada,Forms
Expedia Hotel Extranet,Forms
Expensable,SAML
Expense Watch,Forms
ExpenseNet,SAML
ExpenseWatch,"SAML,Forms"
ExpenseWire,Forms
Expensify,"SAML,Forms"
ExpertPay for Obligors,Forms
ExpertPlan,Forms
Expiration Reminder,SAML
ExportTrader,Forms
ExpressionEngine,Forms
ExpressionEngine - ASUB,Forms
ExpressSuite,Forms
extendedReach,Forms
ExtremeReach,Forms
ez texting,Forms
eZCom - Lingo,Forms
Ezidebit,Forms
Ezidebit - Ezionline,Forms
EzMAC,Forms
EZOfficeInventory,SAML
EzoOfficeInventory,Provisioning
EZRentOut,SAML
EzTicket,Forms
EZTrackIt,Forms
F5 BigIP VPN,SAML
Facebook (Business App),Forms
Facebook for Business,Forms
Facebook Marketing Hub,SAML
Factor 4 Index Subdomain,Forms
FactorSoft - Bibby,Forms
Factual,Forms
Fairsail,Provisioning
Falcon Host,Forms
Fasthosts / UK Reg,Forms
Fastly,Forms
FasTrak,Forms
Fathom,Forms
Favro,"SAML,Provisioning"
Fax2Mail,SAML
FaxItNice,Forms
FB Base App (New),SAML
FB Base App Signed Response (New),SAML
FB Singapore CXA,SAML
FBPAC,SAML
FC&S,Forms
Federal Bar Association,Forms
Federated Directory,"SAML,Provisioning"
FedEx,Forms
FeeFighters,Forms
Festus O365 Scim,Provisioning
Fetch,Forms
fi360 Designees,Forms
fi360 Toolkit,Forms
Fidelity 401k,Forms
Fidelity Plan Sponsor WebStation,Forms
Fidelity Plan Sponsor Workstation,Forms
Fidelity Wealth Advisor Solutions,Forms
Fidelity WealthCentral,Forms
Fieldglass,"SAML,Forms"
Fieldglass clone,SAML
FieldLogix,Forms
Fifth Third Bank - Smart Data,Forms
Figma,Provisioning
FileAssist,SAML
FilesAnywhere,SAML
Fin Analytics,Provisioning
Fina Connect,Forms
Finance Logix,Forms
Financeware.com,Forms
Finario,SAML
Findly (Symphony Talent),Provisioning
Findly ATS,SAML
Findly ATS Analytics,SAML
Findly CRM,SAML
Findly ERP,SAML
Findly TV,SAML
FineLink 2.0,SAML
Fingertip Formulary,"SAML,Forms"
Fingertip Formulary - Test,SAML
FiREapps,SAML
FiREapps Sandbox,SAML
Firebase,SAML
First Card,Forms
First Commonwealth Federal Credit Union,Forms
First Data Virtual Terminal,Forms
Firstbird,SAML
FirstLook,Forms
Firstrade Securities,Forms
FishEye,Forms
Fisheye Custom,Forms
FitDay,Forms
Five9 Inc,Forms
Fiverr.com,Forms
Fivetran,SAML
Flabell,Forms
Flatter Files,SAML
Flaunt Kit,Forms
Flavors.me,Forms
Fleekdrive,SAML
Fleetio,Forms
Flextivity,Forms
Flickr,Forms
Float,SAML
FloQast,"SAML,Forms"
Florida Housing Finance,Forms
Flowdock,"SAML,Provisioning,Forms"
Flowr,Forms
Flowtown,Forms
Fluid Surveys,SAML
Flurry Analytics,Forms
FlyDoc,Forms
FM:Systems,Forms
FMI,Forms
Fog Creek Copilot,Forms
FogBugz On Demand,SAML
FogBugz Online,Forms
Folletshelf,Forms
Follett Admin,Forms
Follett Destiny,Forms
FollowUp,Forms
Fonality,Forms
Fond,SAML
FontDeck,Forms
Fonts.com (Japanese),Forms
Foodspotting,Forms
ForAgentsOnly,Forms
Ford,Forms
Forecast,OIDC
Forefront Admin,Forms
Forefront Online Protection,Forms
Foreman,Forms
Foremost Insurance Group,Forms
FormAssembly,Forms
Formative Learning,Forms
FormExperts,Forms
FormSite,Forms
FormSite Subdomain,Forms
FormStack,"SAML,Forms"
Forrester,Forms
Fortinet Partner,Forms
Fotor,Forms
FotoWeb,SAML
FourKites,SAML
Fowndr,Forms
FPA - Financial Planning Association,Forms
Fragomen,SAML
Framer Cloud,SAML
freckle,Forms
FreeAgent,Forms
FreeAgent - 3CNET,Forms
freeconference,Forms
FreeConferenceCall.com,Forms
FreeConferenceCalling.com,Forms
Freedom Services,Forms
FreeHostia,Forms
FreeOnlineSurveys.com,Forms
Freescale,Forms
Freightquote,Forms
FreshBooks,Forms
Freshdesk,"SAML,Forms"
Freshdesk Custom Domain,SAML
freshservice,SAML
freshservice custom domain,SAML
Freshworks,"Provisioning,Forms"
Frevvo,Forms
Frontier,Forms
Frontier Airlines,Forms
Frontify,SAML
Frontline Education (fka Aesop),Forms
Frosch,SAML
F-Secure emea,Forms
Function Point,Forms
Fuse,SAML
Fuse Enterprise Faxing,Forms
FusionLive,Forms
Fuze,Provisioning
Fuze (Formerly ThinkingPhones),SAML
FUZE Billing,Forms
G Suite,"SAML,Provisioning,Forms"
G Suite (Shared Accounts),SAML
G Suite 2 (Drive),SAML
G Suite Admin Console,SAML
G Suite PV-1011,Forms
G&A Manager,Forms
G12 Communications,Forms
GaggleAMP,SAML
Galleon,Forms
GanttPro,Forms
Gartner,Forms
Gatekeeper,SAML
GatherContent,Forms
GE Capital COMS,Forms
GE CreditLine Online Service Centre,Forms
Geckoboard,Forms
Geico Online Service Center,Forms
GEMS Computershare,SAML
Genbook,Forms
GenePool,SAML
Generator Webtrends,Forms
Genius,Forms
Genius Project,Forms
Genius Project SSL,Forms
GeoCerts,Forms
Geodis Synapse (Web Synapse),Forms
GeoOP,Forms
Get It Done,Forms
Get Satisfaction,"SAML,Forms"
getAbstract,SAML
GetApp,Forms
GetDoneDone,Forms
GetFlow,Forms
GetResponse,Forms
GetSignOff,Forms
Getty Images - Australia,Forms
Getty Images - Canada,Forms
Getty Images - Sign in,Forms
GFI Cloud,Forms
GFIMax Remote Management,Forms
GigaSpaces,Forms
GigBooks,Forms
GitHub,Provisioning
Github Enterprise,SAML
Github Enterprise Dev,SAML
GitHub w/Domain,Forms
GitHub.com,SAML
GitLab,"SAML,Provisioning"
GivingData,SAML
GKG Net,Forms
Glance,Forms
Glasscubes,"SAML,Forms"
Glassdoor,Forms
Glisser,SAML
Global HR Research,Forms
Global Meet,Forms
Global Relay,SAML
Global Relay (configurable),SAML
Global Relay (Dev),SAML
Global Relay Archive 10,SAML
Globoforce,SAML
Globoforce Sandbox,SAML
GM Program Info,Forms
GMAC,Forms
GoalBook,Forms
GoFileRoom,SAML
GoFundMe,Forms
Gogiro,SAML
GoGrid,Forms
GoGuardian,Forms
Gold Medal Waters,Forms
GoldenCAN - Merchant,Forms
GoldenLine,Forms
GoLinks,"SAML,Provisioning"
Good AppCentral,SAML
GoodData,SAML
GoodData (White Label),SAML
Goodsie,Forms
Google Ad Manager (fka Double Click for Publishers),Forms
Google AdWords,"SAML,Forms"
Google Analytics,"SAML,Forms"
Google App Engine,Forms
Google Calendar,"SAML,Forms"
Google Chrome Web Store,"SAML,Forms"
Google Classroom,SAML
Google Cloud Platform,Forms
Google Contacts,Forms
Google Docs,"SAML,Forms"
Google Drive,SAML
Google Drive (Forms Based),Forms
Google Enterprise Support,Forms
Google Enterprise Support New,Forms
Google Groups,SAML
Google Mail,SAML
Google Merchant Center,Forms
Google Photos,"SAML,Forms"
Google Presentation (Slides),Forms
Google SAML Quicklink,SAML
Google Sites,"SAML,Forms"
Google Sites - Specific Target,SAML
Google Spreadsheets,Forms
Google Voice,Forms
Google Wallet,Forms
Google Webmaster Tools,"SAML,Forms"
Google Website Optimizer,Forms
Google+,Forms
GoPlan,Forms
GoSystem Tax RS,SAML
GoToManage,Forms
GoToMeeting,"Provisioning,Forms"
GoToMyPC,Forms
GOYAX,Forms
GrabCAD,Forms
GradPoint,SAML
Grafana (Play),Forms
Grasshopper,Forms
GratisDNS,Forms
Gravity,SAML
Great American Insurance Group,Forms
Greenhouse,SAML
Greenhouse Onboarding,SAML
Greenroom,SAML
Greenview Data,Forms
Greenview Data Email,SAML
Greplin,Forms
Greytip Online,Forms
GrooveHQ,Forms
GROU.PS,Forms
Group Tweet,Forms
GroupMe,Forms
Groupon Merchants,Forms
Grovo,SAML
GTmetrix,Forms
Guardian Life Insurance,Forms
GuideSpark,Forms
Gumroad,Forms
Guru,Forms
Gust,Forms
GXS RollStream,Forms
HackerOne,SAML
HackerRank,SAML
Haiku LMS,Forms
Halifax Bank,Forms
Hall,SAML
Hallmark,Forms
Halogen Software,SAML
Halogen Software - Admin,Forms
Halogen Software - User,Forms
Halogen Software AY,SAML
Handset Detection,Forms
Handy Hardware,Forms
happyfox,SAML
HappyFox Chat,"SAML,Provisioning"
HappyFox new,SAML
Harness,Provisioning
Harvard Business Review,Forms
Harvard Manage Mentor,Forms
Harvard Mentor Manager,SAML
Harvest,Forms
Harvest Google,Forms
Has Offers,Forms
Haveamint,Forms
Headlight,Forms
HeadSpin,SAML
Health Partners,Forms
Healthicity,SAML
Hearsay Social,SAML
Heartland Payroll,Forms
HellermannTyton,SAML
HelloFax,Forms
Help Scout,Forms
Helpjuice,SAML
Helpshift,SAML
Helpshift Sandbox,SAML
Heroku,SAML
Hesk Hosted,Forms
hh2 Cloud Services,Forms
Hibbert Group,SAML
Hide My Ass! VPN,Forms
HiDef Corporate,Forms
Higher Gear,Forms
Highfive,SAML
Highground,SAML
Highground DEMO,SAML
HighOrbit,Forms
Highrise,Forms
Highsoft,Forms
Hightail,"SAML,Forms"
Hightower,SAML
Hilton Worldwide,Forms
Hipchat,"SAML,Forms"
Hipmunk,Forms
Hirebridge,SAML
HireRight,Forms
Hirestorm,"SAML,Forms"
HireVue,Forms
HireVue Production,SAML
HireVue Staging,SAML
Hive,OIDC
Hive Learning,Provisioning
Hively,Forms
HK-SMS,Forms
HM Taleo,SAML
Hodes Events,Forms
Hodes Job Distribution,"SAML,Provisioning"
HomeNet Automotive,Forms
HomeStory Connect by Vast,SAML
Honey,"SAML,Provisioning"
Honey Dev,SAML
Honeybadger,Forms
Hoop.la,SAML
Hootsuite,SAML
Hoovers (customers prior to 3-1-17),Forms
Horizon BCBS,Forms
Horizon Enterprise Login,Forms
Horsesmouth,Forms
Host Analytics,"SAML,Forms"
Host Europe,Forms
HostBill,Forms
Hosted Graphite,"SAML,Forms"
HostGator cPanel,Forms
HostMonster,Forms
HotGloo,Forms
Hotjar,Forms
Hotmail,Forms
HotSchedules,Forms
Hotspot,SAML
Hover,Forms
Howlr,"SAML,Forms"
HowNow,Forms
HP Business to Business,Forms
HP Product Register,Forms
HR Cloud,SAML
HR Connection,Forms
HR Mantra,Forms
HRmarketer,Forms
HSA Bank,Forms
HubPages,Forms
HubSpot,"SAML,Forms"
Huddle,"SAML,Forms"
Huddle - Branded (RelayState),SAML
Human Concepts,SAML
Human Concepts UAT,SAML
Humana,Forms
Humanity V2 (former Shiftplanning),"SAML,Forms"
HWM Online,Forms
i Mortgage Services,Forms
IBM Blueworks Live,Forms
IBM Cloud Video,SAML
IBM Cognos,SAML
IBM Connections Cloud,SAML
IBM GERS,SAML
IBM Maximo,SAML
IBM SCCD Help Desk,Forms
ICCNet (VAN),Forms
iContact,Forms
iCore,Forms
ICreative,SAML
iCRM,Forms
Idaho PTECH force.com,Forms
IDC,Forms
IdeaMarkets,SAML
Ideascale,SAML
Identified,Forms
IDENTIKEY Server,Forms
IdentityFirst,Forms
Idictate,Forms
IfByPhone,Forms
Ifbyphone Agents,Forms
Igloo,SAML
Igloo Branded Domain,SAML
Igloo Communities,Forms
iiPay Integrated Payroll,SAML
iiPay Integrated Payroll Test,SAML
iLab,SAML
iLab Staging,SAML
iland Cloud,Forms
Illuminate Student Information,Forms
Illumio ASP,SAML
Image Relay,SAML
iMagicLab,Forms
Imagineer Clienteer,SAML
Imagineer WebVision,SAML
iManage Service Policy Manager,SAML
iManage Work,SAML
IMAutomator,Forms
imeetcentral(Central Desktop),SAML
Impact Radius,Forms
Imperial Employers,Forms
Impraise,SAML
Imprima IROOMS,SAML
In??cio - e-Portfolio Escolar,Forms
IncentFit,SAML
InCorp,Forms
Indeed,Forms
Indicee,Forms
inDinero,Forms
iNet Internship Network,Forms
Infinite Campus - Campus Cloud Choice,SAML
Infinite Campus - In-district Hosted,SAML
Inflectra,Forms
Influitive,Forms
Infoblox Support,Forms
Infogr.am,Forms
InfoNow,Forms
Infor CloudSuite,"SAML,Provisioning"
Infor Talent Science,Forms
Informatica Partners,Forms
Informer,SAML
Infusionsoft,Forms
Infusionsoft - Double Your Sales,Forms
Infusionsoft Community,Forms
Ingram Micro - Customer Site,Forms
Ingram Micro - Reseller,Forms
Injoos,Forms
Inkling,Forms
InMobi,Forms
InMoment,SAML
Innotas,SAML
Innotas Published Dashboard,Forms
INPUT,Forms
INRIX,Forms
Insala,SAML
Insala Test,SAML
InsideView,Forms
Insight,Forms
Insightly (Google apps),Forms
Inspectlet,Forms
Insperity Employee Screening,Forms
Insperity Employee Service Center,Forms
Inspired eLearning,SAML
Inspired eLearning (WVI),SAML
Inspired eLearning Custom Subdomain (WVI),SAML
Instagram - Classic Login,Forms
Instamed,Forms
InstantSecurityPolicy,Forms
InStream,Forms
INSUITE,Forms
Intacct,SAML
Intacct - Preview,SAML
Integra Cloud Firewall Service,Forms
IntegraCare,Forms
Intelex,SAML
Intelex - V 6.x +,SAML
intelligentcontract,SAML
Intellum,SAML
IntenseDebate,Forms
Interact Intranet,SAML
Interact Intranet (SP),SAML
Interactive Accounting,Forms
Interactrx (In Testing),SAML
Intercall,Forms
Interfax,Forms
Interguard,Forms
InterMedia - Admin,Forms
InterMedia - Users,Forms
International Fertilizer Industry Association,Forms
Internet Truckstop,Forms
InternMatch,Forms
Internships.com,Forms
Interspire Email Marketer,Forms
Intervals,Forms
Interventint,SAML
InterWeave,Forms
InterWorx-CP,Forms
Intralinks SAML,SAML
IntroHive,SAML
Intronis Online Backup,Forms
Intronis Online Backup - 3CNET,Forms
Intuit - Full Service Payroll,Forms
Intuit Online Payroll,Forms
Intuit Payment Network,Forms
Intuit Small Business,Forms
Intuit ViewMyPaycheck,Forms
Intuit Workplace App Center,Forms
InVerify,SAML
Investor Tools,SAML
inVision,"Provisioning,Forms"
Invision - AlertLogic,Forms
Invision - AlertLogic - alternate URL,Forms
InVision App,SAML
Invitbox,Forms
InvoiceMachine,Forms
InVox,Forms
iOffice,SAML
ionCube,Forms
iPass,"SAML,Provisioning"
iPipeline iGO e-App Production,SAML
iPipeline iGO e-App TD,SAML
Ipness Voice Over IP,Forms
iPressroom,Forms
IPS Listen360,Provisioning
IPS Listen360 (In Testing),SAML
IQVIA (Quintiles),SAML
i-Ready,Forms
ISA Server,Forms
ISACA,Forms
iSAMS,SAML
ISBA,Forms
ISBA Fastcase,Forms
iShares 529,Forms
ISNetworld,Forms
ISNIC Registry,Forms
iSocket for Advertisers,Forms
iSolved HCM,Forms
ISS 24/7,SAML
IssueTrak,Forms
IT Glue,SAML
ITDatabase,Forms
itDuzzit,Forms
ITProTV,SAML
itslearning,SAML
itslearning Test,SAML
iWantMyName,Forms
iWork.com,Forms
Jackson,Forms
JAGGAER eProcurement (formerly SciQuest),SAML
Jama Cloud,SAML
JAMF Cloud,SAML
JAMIS Prime ERP,SAML
Japan Post My Page,Forms
Jazz,SAML
Jenkins,SAML
Jenkins (with Optional Group attribute),SAML
JenzaBar,SAML
Jenzabar JICS,SAML
Jigsaw,Forms
JIRA,Forms
JIRA (Custom Login),Forms
JIRA (On-prem),SAML
JIRA/Confluence (with Resolution SAML SingleSignOn),SAML
Jitbit Helpdesk,SAML
Jitterbit Studio,SAML
Jitterbit WMC,SAML
Jive Communications,Forms
Jive Custom,Forms
Jive Data Export Service,Forms
Jive Hosted,"SAML,Provisioning,Forms"
Jive Local,"SAML,Forms"
jiveSYSTEMS,Forms
"Jive-w: including Jive Daily, Jive Chime",SAML
JMA Group,Forms
Jobaline,Forms
Jobber,Forms
JobDescriptions.com,Forms
JobScore,"SAML,Forms"
JobsDB.com,Forms
JobServe - Employer,Forms
JobStreet Philippines,Forms
Jobvite,"SAML,Forms"
Jobvite Staging,SAML
join.me,"SAML,Provisioning,Forms"
joomla,"SAML,Forms"
Joomla 3.x,SAML
Joomla Updated,SAML
Joomlatools,Forms
Jostle,SAML
Jot Form,Forms
Jott - Log In,Forms
Journyx,Forms
Joyent,Forms
JP Morgan Markets,Forms
JT Office,Forms
JTrac,Forms
Jumpchart,Forms
Jungle Disk,Forms
Jungle Disk Desktop,Forms
Jungle Disk Support,Forms
Jungle Disk Workgroup,Forms
Juniper SSL VPN,"SAML,Forms"
Juniper SSL VPN - Policy by User,SAML
Juniper SSL VPN - Policy by User (w/ MultiValue),SAML
Juniper SSL VPN (w/Member Of),SAML
Juniper.Net,Forms
Juno Webmail,Forms
Just Host Affiliates,Forms
JustCloud,Forms
Justia,Forms
Justworks,Forms
Kaavo,Forms
Kace Admin (Enphase),Forms
Kagazz,"SAML,Provisioning"
Kaiser Employer,Forms
Kajabi,Forms
Kaltura KMC,SAML
Kaltura MediaSpace,"SAML,Forms"
Kampyle,Forms
Kanban Tool,Forms
KangoGift,SAML
KangoGift - Test,SAML
Kanjoya,SAML
Kanjoya (customizable subdomain),SAML
Kapost,SAML
Kapow OnDemand,Forms
Kapta,Forms
Karde.io,SAML
Kaseya (under construction),SAML
Kaseya IT toolkit,Forms
Kaseya Portal Log On,Forms
KashFlow,Forms
Kashoo,Forms
kato,"SAML,Provisioning"
Kavi,SAML
Kayako,"SAML,Forms"
Kayako SupportSuite Hosted Admin,Forms
Kayako SupportSuite Hosted Staff,Forms
Kayako SupportSuite Self Hosted Admin,Forms
Kayako SupportSuite Self Hosted Staff,Forms
KDDI ChatWork,SAML
Keas,"SAML,Forms"
Keas - Staging,SAML
Keeper Password Manager,"SAML,Provisioning"
Keeper Test,SAML
Kenexa,"SAML,Forms"
Kenshoou,Forms
Key - Corporate Login,Forms
Keynote,Forms
KeywordMax,Forms
KeywordSpy,Forms
Kibin,Forms
Kindling App,SAML
Kintone for cybozu.com,SAML
Kintone for kintone.com,SAML
KIRA,SAML
KiSSFLOW,SAML
Kiva,Forms
Klipfolio,SAML
Klipfolio Dashboard,Forms
Klue,SAML
Knack,SAML
KnowBe4,SAML
Knowem,Forms
KnowledgeTree,"SAML,Forms"
Kochava,SAML
Kodingen,Forms
Koha,SAML
Kontiki,SAML
Kore,SAML
KPI Benchmark,Forms
KPI Dashboard,Forms
KPI Library,Forms
KPI Project,Forms
Kronos,Forms
Kronos Workforce Ready,SAML
KTBSOnline.com,Forms
KTrade Online,Forms
Kudos,SAML
Kwkly,Forms
LAbite.com,Forms
Lahlouh,SAML
Lapio,Forms
Laser App Anywhere,Forms
Last.fm,Forms
Lattice,"SAML,Provisioning"
LaunchBit,Forms
Launchlist Pro,Forms
LaunchRock,Forms
LawPivot,Forms
Lead411,Forms
LeadConduit,Forms
LeadLander,Forms
Leads360,Forms
LeadWatchLive,Forms
Lean Canvas,Forms
Leankit,"Provisioning,Forms"
Leap Financial Stories,Forms
LeapFile,Forms
Leapsome,Provisioning
Learn.com,"SAML,Forms"
LearnCore,"SAML,Provisioning"
LearnerNation,SAML
Learning Pool,SAML
Learning Ware Mobile (Japan),Forms
LearningZen,Forms
LearnUpon,SAML
Leasing Pad,SAML
Leave Planner,Forms
Leftronic,Forms
Legal Hold Pro,SAML
Legal Intelligence,"SAML,Forms"
LegalMind,SAML
LegalZoom,Forms
Lemontech Selfbooking,SAML
Leonardo Conferencing,Forms
Less Accounting,Forms
Lesson.ly,Forms
Lessonly,"SAML,Provisioning"
Level One Leasing,Forms
Lever,SAML
LexisNexis - Corporate Affiliations,Forms
LexisNexis - Lexis Advance,Forms
LexisNexis - PSL,Forms
LexisNexis - Total Research,Forms
LexisNexis AML,SAML
LexisNexis AML QA,SAML
LexisNexis Risk Management,SAML
LexisNexis Risk Management QA,SAML
Liberated Syndication,Forms
Libero,Forms
Librato Metrics,Forms
Lifecycle,SAML
Lifecycle Test,SAML
LifeLock,Forms
Liferay,Forms
Liferay Alex Test,Forms
Lifesize Cloud,SAML
LifeWorks,SAML
Lighthouse,Forms
Lijit,Forms
Limeade [Production],SAML
Limeade [Test],SAML
Limelight Networks,Forms
LimeSurvey Admin,Forms
LINE WORKS,SAML
Link2VoIP,Forms
Linkdex,Forms
LinkedIn Learning,SAML
LinkShare,Forms
LinkTrust,Forms
Linode,Forms
Liquid Motors Portal,Forms
Liquid Web,Forms
LiquidFiles,"SAML,Forms"
LiquidPlanner,"SAML,Forms"
LiquidSpace,SAML
Listing Lab,Forms
Lithium,Forms
Litmos,"SAML,Forms"
Litmus,Forms
Live Office,SAML
Live.com (+ Hotmail),Forms
LiveBinders,Forms
LiveChat,"SAML,Forms"
Livedrive,Forms
LiveHelpNow,Forms
LiveHive,SAML
LiveOffice,Forms
LiveOffice Discovery Archive,Forms
LiveOps,Forms
LiveOps (Persistent),SAML
liveperson,Forms
LivePlan,Forms
LiveSchool,Forms
LiveWatch,Forms
LivingLens,SAML
Load Impact,Forms
Lob,Forms
Localytics,Forms
Loggly,"SAML,Forms"
Loggly TZ,Forms
LogicMonitor,"SAML,Forms"
LogMeIn (IdP Only),SAML
LogMeIn Accounts,SAML
LogMeIn GoTo Apps,"SAML,Provisioning"
LogMeIn Rescue,"SAML,Forms"
LogoMyWay,Forms
Logrhythm Channel Partner,Forms
Looker,"SAML,Forms"
LookSmart,Forms
LookSmart PublisherCenter,Forms
Loomio,SAML
LoopFuse,Forms
LoopiaDNS,Forms
LoopNet,Forms
Lose It,Forms
Lotus Greenhouse,Forms
LotusLive,"SAML,Forms"
Louisville Slugger B2B Store,Forms
Lowdown,Forms
LSE Careers,Forms
Lucernex,SAML
Lucidchart,"SAML,Provisioning,Forms"
Lulu,Forms
Lumity,SAML
Lumosity,Forms
Lumturio,Forms
Lunarpages,Forms
Lync Conference Info,Forms
Lync Web Scheduler,Forms
Lynchburg Chamber of Commerce,Forms
Lynda.com,SAML
"M&T Bank, Mortgage Division",Forms
Mad Dog Domains,Forms
Mad Mimi,Forms
MAGENTO,SAML
Magento - Steelcase,SAML
Magento Admin,Forms
Magentrix,SAML
Mahara,Forms
Mail A Letter,Forms
Mail To,Forms
Mailbox Forwarding,Forms
Mailer Lite,Forms
Mailgun,Forms
Mailjet,Forms
Maintenance Assistant,Forms
MajorFlow„Çø„Ç§„É†„É¨„Ç?„Éº„ÉÄ PC,Forms
MajorFlow„Çø„Ç§„É†„É¨„Ç?„Éº„ÉÄ SmartPhone,Forms
MajorFlowÁµåË?ªÁ?æÁÆó PC,Forms
MajorFlowÁµåË?ªÁ?æÁÆó SmartPhones,Forms
Mal's E-Commerce,Forms
Manage Protect,Forms
Manage Protect - MPmail,Forms
Manage Protect - MPweb,Forms
ManageBac,"SAML,Forms"
Management Innovation eXchange,Forms
MangoApps,SAML
Mangocam,Forms
Manhattan,SAML
Manheim Auctions,Forms
Manta,Forms
Manymoon,Forms
Mapchat,Forms
Mapquest Buisness,Forms
Mark Monitor,Forms
Market Logic,SAML
Market Logic PreProd,SAML
Marketing Profs,Forms
MarketLink,SAML
Marketo,"SAML,Forms"
Marksman,Forms
Martin's Test Connector,Forms
Mashery,Forms
Maslon Extranet,Forms
Master Control,Forms
Mastercard Smart Data,Forms
MatchLight,Forms
Matrix eServices,Forms
Mautic,SAML
Mavenlink,Forms
Max.MD,Forms
MaxEmail,Forms
MaxHire,Forms
MaxMind,Forms
MC3,SAML
McAfee Control Console,Forms
McAfee Partner Portal,Forms
Mcafee Secure,Forms
McAfee Security-as-a-Service,Forms
McGraw-Hill's Connect,Forms
mediaburst,Forms
Mediacore,SAML
MediaCore - Branded,SAML
MediaFunnel,Forms
MediaLayer Billing,Forms
MediaLoot,Forms
MediaOcean,Forms
MediaPiston,Forms
MediaPro,SAML
MediaTemple,Forms
MedReps,Forms
Medrisk,Forms
Medrisk Sandbox,SAML
MedSupport,SAML
MedSupport Sandbox,SAML
Meebo,Forms
MegaPath,Forms
Megaphone,Forms
Melbourne IT,Forms
Melbourne IT Digital Brand Services,Forms
Meltwater Buzz,Forms
Meltwater News,Forms
Meltwater Press,Forms
Memeo,Forms
MEMSET,Forms
Memsource,"SAML,Provisioning"
Menlo Security,SAML
Mennonite Mutual Aid,Forms
mention,Forms
Meraki,"SAML,Forms"
Merchant Partners,Forms
MerchantOS,Forms
Meredith-HR-Classroom,Forms
Meridian,SAML
Meridian - Stage,SAML
Merrill Bridge,Forms
Merrill Datasite,Forms
MessageLabs,Forms
MessageMedia,Forms
Meta Networks,"SAML,Provisioning"
Metamarkets,Forms
Metricly,Forms
MetricStream,SAML
MetroFax,Forms
Mevio,Forms
MEVISIO,SAML
MFG.com,Forms
M-Files,SAML
Microsoft Account,Forms
Microsoft adCenter,Forms
Microsoft BizSpark,Forms
Microsoft Dynamics CRM Online,Forms
Microsoft Dynamics CRM4,Forms
Microsoft Live (generic),Forms
Microsoft Office Live Space,Forms
Microsoft Online Services,Forms
Microsoft Partner Network,Forms
Microsoft Planner,Forms
Microsoft Store,Forms
Microsoft Volume Licensing,Forms
MicroStrategy (Plugin),SAML
Mileage Log,Forms
MilitaryHire,Forms
Mimecast - Admin v4,SAML
Mimecast - MPPv3,SAML
Mimeo,SAML
Mimeo - sandbox,SAML
MindFlash,"SAML,Forms"
MindFlash QA,"SAML,Forms"
Mindjet Catalyst,Forms
Mindomo,Forms
Mindtools,SAML
MindTouch,SAML
Mingle,SAML
Minnesota Life,SAML
Minnesota Life QA,SAML
Minute7,Forms
MinuteDock,Forms
Mir3,"SAML,Forms"
Miro,Provisioning
Mirus,SAML
Mirus - Cafe Rio,SAML
Mitel Billing,Forms
Mixpanel,"SAML,Provisioning"
Mizuno,Forms
MOBI,SAML
MobileGuard Admin Console,SAML
MobileIron,SAML
MobileIron for Dropbox,SAML
MobilityCentral,Forms
MockFlow,Forms
Mode Analytics,SAML
Mogotest,Forms
MOIP,Forms
Mojo Helpdesk,"SAML,Forms"
Momentum!,Forms
Monday,"SAML,Provisioning"
Moneybird,Forms
MoneyBookers,Forms
Mongo HQ,Forms
Monigle BEAM Production,SAML
Monigle BEAM Sandbox,SAML
Moniker,Forms
Monitis,Forms
Monoprice,Forms
Monster - Account,Forms
Monster Canada,Forms
Moodle,Forms
Moodle 2 and 3,SAML
Moran Knobel Retirement (participant login),Forms
MOVEit,SAML
Movescount,Forms
Moxtra,"SAML,Forms"
Moxy,Forms
Mozeo,Forms
Mozy Admin,Forms
Mozy Enterprise,SAML
mParticle,SAML
MRI Network,Forms
MSOUTLOOKONLINE.NET,Forms
Multivista,Forms
Murmur,SAML
Mutual of Omaha,Forms
MX Guarddog,Forms
MX Save,Forms
My Access Apple,Forms
My ATP VIxlet,Forms
My Brain Solutions,"SAML,Forms"
My Compliance Office,SAML
My Hult,SAML
My Mobile Plan,Forms
My Ricoh,Forms
My SEO Tool,Forms
My Sprint,Forms
My Talkdesk,Forms
My TETRA Benefits (App catalog),Forms
My TMXmoney Portfolio,Forms
My Vodafone,Forms
my.OnSIP,Forms
my.OnSIP New,Forms
my1voice,Forms
MyAccessLive,SAML
myACM,"SAML,Forms"
MyAvast,Forms
MyCheckFree.com,Forms
MyClientLine - Deprecated,Forms
MyClientLine - Merchant,Forms
MyCustomerData,Forms
MyDealerLot,Forms
MyDHL,Forms
MyDomain,Forms
myERP,Forms
MyFax,Forms
MyFax Secure,Forms
MyFreshPoint,Forms
myGengo,Forms
Mymerchantoffice,Forms
MyMillennium Community,Forms
Mynimo,Forms
myPolicies,"SAML,Provisioning"
MyRegus,Forms
MySpecwriter,Forms
myStaffingPro,Forms
myTNT,Forms
MyUHC,SAML
MyVCM by Ostendio,SAML
MyWebTimesheets,SAML
MyWorkDrive,SAML
NAB Connect,Forms
NAB Internet Banking,Forms
NADA guides,Forms
Nagios,Forms
Name Silo,Forms
Name.com,Forms
NameCheap,Forms
NameJet,Forms
Namely,"SAML,Forms"
NamFS.org,Forms
National Car Rental,Forms
NationBuilder,SAML
Nationwide,Forms
Nationwide Financial,Forms
Natural HR,Forms
Naver,Forms
NAVEX Engage,SAML
Navex EthicsPoint Case Manager,SAML
Navex Global PolicyTech,SAML
Navex Global PolicyTech EU,SAML
Navia Benefits,SAML
Navia Benefits Employer,Forms
Navia Benefits Participant,Forms
N-central,Forms
N-central NCOD9,Forms
Neat Cloud,Forms
Need-An-Article,Forms
Nefsis,Forms
nemlig,Forms
Nest,Forms
NetConference,Forms
NetDocuments,SAML
NetDocuments - EU,Forms
NetDocuments - Mobile,Forms
NetDocuments - Standard,Forms
NetExam,SAML
NetFirm CS Portal,Forms
NetNames Platinum Manager,Forms
Netregistry,Forms
NetSimplicity Meeting Room Manager - test,SAML
Netskope,"SAML,Provisioning"
Netskope for Box,SAML
Netskope for G Suite,SAML
Netskope for Salesforce,SAML
Netskope Proxy Base App,SAML
Netsuite,"SAML,Provisioning"
NetSuite Sandbox,Forms
Nettica DNS,Forms
netTrekker,Forms
Netvigator NETPass,Forms
Network Fleet,Forms
Network Solutions,Forms
Network Solutions Clone,Forms
Neustar Localeze,Forms
New Brand Analytics,"SAML,Forms"
New Relic,"SAML,Provisioning"
New York Life - mackay,SAML
New York State Comptroller Online Services,Forms
Newegg Business,Forms
Newton Software,SAML
Nexgate,SAML
Nexonia,SAML
Next Day Flyers,Forms
Next Jump,SAML
Next Jump Branded,Forms
Nextag,Forms
Nextiva,Forms
Nextiva Enterprise Portal,Forms
Nextiva NextOS,FormsForms
Nextiva NextOS,Forms
Nextpoint,Forms
NextProof,Forms
NexTravel,SAML
NextStep D.C.,Forms
NGC Direct,Forms
nGenera,Forms
NIC-MT,Forms
Nike,Forms
Nimble,Forms
Nimble - Subdomain,Forms
NimbleSchedule,"SAML,Forms"
Ning,Forms
Ning Subdomain,Forms
Nipendo Supplier Cloud,SAML
Nipendo Supplier Cloud - Test,SAML
Nirvanix,Forms
Nitro,Forms
Noesis Admin,Forms
No-IP,Forms
No-IP clone test,Forms
Nominet UK,Forms
NoodleTools,Forms
Nook Developer,Forms
Norwegian Air,Forms
NotchUp.com,Forms
Noteable,Forms
Nourish,Forms
Novatus (Cloud),SAML
Novatus (local),SAML
Novell WebAccess - WWR Corp.,Forms
NPR,Forms
NS,SAML
Nuclino,SAML
Numerify,Forms
Numia.biz,Forms
NuTravel,SAML
Nutshell,Forms
Nuvi,SAML
NuView,Forms
Nyansa,SAML
OBC Japan,SAML
OCLC EZproxy,SAML
OCLC WMS,SAML
Octiv - Custom Domain,SAML
Octiv - Subdomain,SAML
oDesk - upwork,Forms
Office 365,"Provisioning,Forms"
Office 365 [Deeplinks],SAML
Office 365 [Excel Shortcut],SAML
Office 365 [OneDrive Shortcut],SAML
Office 365 [Outlook Shortcut],SAML
Office 365 [Parature Shortcut],SAML
Office 365 [Powerpoint Shortcut],SAML
Office 365 [SharePoint Shortcut],SAML
Office 365 [Site Shortcut],SAML
Office 365 [Sway Shortcut],SAML
Office 365 [Word Shortcut],SAML
Office 365 [Word Shortcut] subdomain,SAML
Office 365 People search,SAML
Office Depot,Forms
Office Depot - Business,Forms
OfficeAutoPilot,Forms
OfficeDrop,Forms
OfficeMax,Forms
OfficeSpace Software,SAML
OfficeToolsPro,Forms
Officeworks,Forms
Offshore Incorporations,Forms
OIEngine,SAML
Oktopost,SAML
Olark,Forms
OLX,Forms
Omega Management Suite,Forms
Omnilert,SAML
Omniture,Forms
On Deck Capital -Test,Forms
ON24,Forms
OnCourse Systems for Education,SAML
OnDeck,Forms
One Media Hub,Forms
One Medical Group,Forms
OneBox,Forms
OneDrive Office 365,Forms
Onehub,"SAML,Forms"
Onelegal,Forms
OneLogin Access Template,SAML
OneLogin SAML Test (IdP w/ multi value attr),SAML
OneLogin SAML Test (IdP) w/ NameID (persistent),SAML
OneLogin SAML Test (IdP) w/ NameID (unspecified),SAML
OneLogin WS-Fed Test 2.0 no attr,SAML
OneMarket,Forms
OneMarket - analytics,Forms
OneMarket - buyer,Forms
OneMarket Exchange,Forms
OneMarket Studio,Forms
OneNote 365 [Shortcut],SAML
OnePage CRM,Forms
OneSaas,Forms
OneSource,Forms
OneSource Virtual,SAML
Oneteam,SAML
Onfido,SAML
Online Browsing Platform OBP,Forms
OnlineJobs.ph,Forms
Online-MSDS,Forms
OnSIP Admin,Forms
On-Site - Leasing,Forms
OnState,Forms
OnSwipe,Forms
OnTheHub by Kivuto,SAML
Ontuitive,SAML
Ooh La La Mobile,SAML
Oomnitza,SAML
Oomnitza Groups,SAML
ooVoo,Forms
Opal,SAML
Open Loop,Forms
Open Practice Solutions,SAML
OpenAir,SAML
OpenAir - SandBox,"SAML,Forms"
OpenAM,SAML
OpenAthens,SAML
OpenCal,Forms
OpenDNS,SAML
openfire,Forms
Openprovider - Reseller Control Panel,Forms
OpenTable,Forms
OpenVoice,Forms
Opscode,Forms
OpsGenie,SAML
OpsRamp,SAML
Optimal Workshop,Forms
Optimizely,Forms
Optimizely via Auth0,SAML
Optimum,Forms
OptionEase,Forms
Oracle CRM On Demand,"SAML,Forms"
Oracle E-Business Suite,Forms
Oracle E-Business Suite Updated,Forms
Oracle Fusion,SAML
Oracle Fusion us2 only,SAML
Oracle Identity Cloud Service,SAML
Oracle Identity Cloud Service (signed asser),SAML
Oracle Instantis,SAML
Oracle Partner Network,Forms
Oracle Planning & Budgeting,SAML
Oracle Process Cloud,SAML
Oracle Sales Cloud,SAML
Oracle Sales Cloud - Test,SAML
Oracle Service Cloud (Prod),SAML
Oracle Service Cloud (Test Environments),SAML
OrangeHRM,SAML
Orbirental,Forms
Orbitz for Business,SAML
Order Experts,SAML
Oreo Double,Forms
Organizze,Forms
Orgchart,Forms
Orgill,Forms
OrgPlus,Forms
OrgSync,SAML
Orion Advisor Services,SAML
Oscar Health Pritunl,Forms
OUM & Co LLP,Forms
OurHealth,SAML
OurHealth QA,SAML
Outbound,Forms
Outbrain,Forms
Outlook Office 365,Forms
Outlook Quicklink,SAML
Outlook Web Access (Hosted),Forms
Outreach,"SAML,Forms"
Outright,Forms
Outwork,SAML
OverDrive,SAML
Overnightprints,Forms
Ovi,Forms
OWA Quicklink,SAML
OWASP,Forms
ownCloud,Forms
Oxford Employee,Forms
Oyatel CallManager,Forms
Pacejet,Forms
Pacific Gas and Electric Company,Forms
Pacific TimeSheet,SAML
Package Tracker,SAML
Packagist,Forms
PAETEC Online,Forms
PageLever,Forms
Pageonce,Forms
PageOnDemand,Forms
PagerDuty,SAML
Pagoda Box,Forms
pair Networks,Forms
Palo Alto GlobalProtect VPN,SAML
Palo Alto Networks,Forms
PamFax,Forms
Panda Cloud Office Protection,Forms
Panopto,SAML
Panopto Groups,SAML
Panorama9,"SAML,Forms"
Panterra Networks,SAML
Pantheon,SAML
Papertrail,Forms
Parallels Access,Forms
Parallels Power Panel,Forms
Parature,"SAML,Provisioning,Forms"
Pardot,Forms
Parkmycloud,SAML
Parse,Forms
Parts Town,SAML
PatchSimple,Forms
PathView Cloud,SAML
PathView Cloud (Indeed),SAML
Patterson State Bank,Forms
Pay 'N Time Manager Login,Forms
Pay 'N Time User Login,Forms
Paycheck Records,Forms
Paychex Admin,Forms
Paychex Benefits,Forms
Paychex eServices,Forms
Paychex MyApps,Forms
Paycom Admin,Forms
Paycor Secure Access,Forms
Paycycle,Forms
Payentry.com,Forms
Payentry.com (Company),Forms
Payentry.com (Employee),Forms
PayLoadz.com,Forms
Paylocity,SAML
Paylocity (demo url),Forms
Paylocity Company Set,SAML
Paylocity Company Set QA,SAML
Paylocity New,SAML
Paylocity QA,SAML
Paylocity Web Pay,Forms
Payment Evolution,Forms
Paymo,Forms
PayPal Manager,Forms
Payroll Company (1st Part),Forms
Payroll Relief,Forms
PayrollHero,Forms
PayScale,Forms
Payscale (In Testing),SAML
PaySimple,Forms
PBS TeacherLine,Forms
PBworks,Forms
PC Tools,Forms
PcLender,Forms
PCRecruiter Test,Forms
Peak Performance,Forms
Peakon,SAML
Peakton,Provisioning
Pearson EasyBridge,SAML
Pearson PowerSchool (Teachers),Forms
Pearson PowerSchool Admin,Forms
Pendo,SAML
People,SAML
People Strategy,Forms
PeopleAdmin,SAML
PeopleAdmin (Vanity URL),SAML
Peoplefluent (Encrypted),SAML
Peoplefluent-staging,SAML
PeopleMatter,Forms
PeopleNet Fleet Manager,SAML
PeopleperHour,Forms
PeoplePond,Forms
PepperJam,Forms
Percolate,Forms
Perfect Audience,Forms
Perfecto Mobile,Forms
Performable,Forms
PerformYard,SAML
Periscope Data,SAML
Perq Works,Forms
Personforce,Forms
Pervasive,Forms
PETE Admin (Paylocity Enterprise Time & Expense),Forms
PETE Employee (Paylocity Enterprise Time & Expense),Forms
PFMI,Forms
Phabricator,Forms
Phonebooth,Forms
Photobucket,Forms
PHP Fog,Forms
PHP Fox,Forms
php|architect,Forms
phpBB,Forms
phpMyAdmin,Forms
"Piedmont, CA Live",Forms
PIEmatrix,Forms
Pikbest,Forms
Piktochart,Forms
PIL Tools,Forms
Pilot Catastrophe SAML (IdP),SAML
Pingboard,"SAML,Provisioning"
Pinterest,Forms
Pinterest Benefits,Forms
Pipedrive,Forms
Pipeline Deals,Forms
PitchBook,Forms
Pivotal Tracker,SAML
PivotLink,Forms
Piwik,"SAML,Forms"
Piwiki,Forms
Piwiki2,Forms
Pixalate Media Planner,Forms
Pixton for Business,Forms
Pixton for Schools,Forms
PkgTrack.com,Forms
Planbox,"SAML,Forms"
Planet Web Portal,SAML
Planezone,Forms
Plangrid (IDP),SAML
PlanMyLeave,"SAML,Provisioning"
PlannerX,Forms
Planning Center,Forms
PlanSource,SAML
PlanSource Benefits,Forms
Planview,SAML
Planview Staging,SAML
Platfora,SAML
Platform9,SAML
PlayVox,"SAML,Forms"
Pledgecents,Forms
Plesk,Forms
Plesk - 3CNET,Forms
Plex Online,Forms
Plone,Forms
Pluralsight,SAML
PlusPlus,SAML
pmaps WebPro,SAML
PMI,Forms
PMWeb,SAML
Podio,Forms
PointClickCare,"SAML,Forms"
Polaris Office,SAML
policyIQ,SAML
Poll Everywhere (admins),Forms
Polldaddy,Forms
Populi,Forms
Post Affiliate Pro,Forms
PostalMethods,Forms
Postini,"SAML,Forms"
Postling,Forms
Postmark,Forms
PostRank Analytics,Forms
Power2Motivate,SAML
PowerDMS Page 2 (Mar 2017),Forms
PowerSchool,SAML
PowerVPS,Forms
PR Log,Forms
PR Newswire,Forms
Practical Law US,Forms
Practice Fusion,Forms
Practice Ignition,Forms
Practice Pay Solutions,Forms
PractiTest,Forms
Preceda,Forms
Preferred Return,Forms
Prefinery,Forms
Premium Billing System (PBS),Forms
Prescreen.io,SAML
Present.ly Hosted,Forms
PresenterMedia,Forms
Pressdoc,Forms
PressReader,Forms
Prey,Forms
Prezi,Forms
PriceGrabber,Forms
PriceManager,Forms
Primark,Forms
Priority Matrix,SAML
Priority Pass,Forms
Privacy Shield,Forms
Pro Bono Manager,Forms
Process Street,Forms
ProcessUnity,SAML
Procore,SAML
ProdPad,"SAML,Provisioning"
Producteev,Forms
Profits 4 Purpose,SAML
Progress Energy,Forms
Project Account - Interval,Forms
Project CAP,Forms
Project Insight,SAML
Project Manager,Forms
Project Wonderful,Forms
ProjectLocker,Forms
Projector PSA,"SAML,Forms"
ProjectPlace,SAML
Prolog Converge,Forms
Promapp,SAML
Promotive,Forms
ProofHQ,"SAML,Forms"
Proofpoint Continuity,SAML
Property Smart,Forms
Prophotoapps,Forms
Proposable,Forms
ProResponse,Forms
Prospera,Forms
Protiviti,SAML
Protoshare,Forms
ProtusFax,Forms
ProvTest,Forms
ProWorkflow,"SAML,Forms"
Proxyclick,"SAML,Provisioning"
PRTG Network Monitor,Forms
Prudential Annuities,Forms
Prudential Retirement,Forms
PRWeb,Forms
PRWeb UK,Forms
PSclicks,Forms
PSD2HTML,Forms
PSPrint,Forms
Pulse,Forms
Pulse 360,Forms
Punchbowl,Forms
PunchTab,Forms
PurchaseControl,SAML
PureCloud,"SAML,Provisioning"
PureCloud Collaborate,Forms
PureCloud Collaborate Documents,Forms
PureCloud Supervisor,Forms
PurelyHR,SAML
Pusher,Forms
PWC,SAML
PwC Staging,SAML
Pyrus,"SAML,Provisioning"
Qiita:team,SAML
qik,Forms
Qlik Sense,SAML
qliqSOFT,Forms
QMarkets,SAML
Qminder,SAML
QPharma,"SAML,Forms"
Qstream,SAML
Qualaroo,Forms
Qualifacts - CareLogic,Forms
Qualifacts - CareLogic - Forms,Forms
Qualtrics,SAML
QualysGuard,Forms
QualysGuard Domains,SAML
QualysGuard Domains (with relaystate),SAML
Quantcast,Forms
Quantum Metric,SAML
Quantum Workplace,SAML
Qubole,SAML
Qubole Dev,SAML
Questetra,SAML
Questia,Forms
Quick ADP,SAML
Quick Base,"SAML,Provisioning,Forms"
Quick Base - Subdomain,Forms
Quick Shopping Cart,Forms
QuickArrow,Forms
QuickBooks QBO,Forms
Quickfinder,Forms
QuickLink (POST),Forms
Quicklink SP (GET),SAML
QuickTapLead,Forms
QuickTate,Forms
Quickthreads,Forms
Quill,Forms
Quinyx,SAML
Quinyx - subdomain,SAML
Quip,"SAML,Provisioning"
Quiz Maker,Forms
Quosal Sell,Forms
Quote Roller,Forms
Quotient,Forms
Qwest - Small Business,Forms
Qwest CRM,Forms
R&D Manage,SAML
R&D Time,SAML
Rackd,Forms
Rackspace Affiliate Program,Forms
Rackspace Apps Manager Beta,Forms
Rackspace Cloud,Forms
Rackspace Cloud Customer Portal,Forms
Rackspace Cloud London,Forms
Rackspace Control Panel,Forms
Rackspace Email,Forms
Rackspace Email Whitelabel,Forms
Rackspace Exchange Email,Forms
Rackspace Open Cloud,Forms
Rackspace Partner,Forms
Radian6,Forms
RainKing,Forms
Rally,"SAML,Forms"
Rally Trial,Forms
RatesMate,Forms
Rave Mobile Safety,Forms
Ravelin,Forms
Raven SEO Tools,Forms
Raven SEO Tools w/Subdomain,Forms
Rawlings Worth,Forms
RBC Online Banking,Forms
rBuilder Online,Forms
Readability,Forms
RealEx Resource Centre,Forms
Reality Digital,Forms
Really Simple Systems,SAML
Realpage YieldStar,Forms
RealtimeBoard,SAML
Realtor.org,Forms
Rearden Commerce,"SAML,Forms"
ReceiptBank,Forms
Receptive,SAML
Recognize,SAML
Recovery Planner,SAML
Recovery Planner Staging,SAML
Recruiterbox,"SAML,Forms"
Recurly,Forms
Red Hat Partner Portal,Forms
Red Rocket,Forms
Redbooth,SAML
RedBrick Health,SAML
RedBrick Health Test,SAML
RedLock,SAML
Redmine,"SAML,Forms"
Redmine Eiichiro,SAML
Redtail CRM,Forms
Redtail Imaging,Forms
Reed & Mackay Client Portal,SAML
reed.co.uk,Forms
Reeher Platform,SAML
Referral-EDGE,Forms
Reflektive,SAML
Reflexis,SAML
Register a Company Australia,Forms
RegOnline,Forms
Reid Supply,Forms
Reinvigorate,Forms
RelateIQ,Forms
Relationship Science,SAML
Relativity,SAML
Reliable Runners,Forms
Reliance Big Rock,Forms
Relias Learning,SAML
Remedy OnDemand,SAML
Remedy OnDemand v2,SAML
Remedyforce,"SAML,Provisioning"
Remedyforce [Sandbox],SAML
"Remote Accounting Solutions, Inc.",Forms
Rent Centric,SAML
RENTCafe Site Manager,SAML
RenWeb Faculty,Forms
RenWeb Parent,Forms
Replicon G2,"SAML,Provisioning"
Replicon G2 SCIM,SAML
Replicon G3,SAML
Replicon Web TimeSheet,Forms
reQall,Forms
RESAAS,SAML
RescueTime,Forms
Retail Zipline,SAML
ReTargeter,Forms
Retirement Plan Consultants,Forms
Retirement Plan Consultants - Plan Login,Forms
ReturnPath,Forms
Reval,SAML
ReviewPush,Forms
Revinate,Forms
RevStream,SAML
RF15,"SAML,Provisioning"
RFPIO,SAML
RhodeCode on premise,SAML
RIA Match,Forms
RideAmigos,SAML
RightAnswers Portal,SAML
RightAnswers Solution Manager,SAML
RightScale,"SAML,Forms"
RightSignature,Forms
Rimon,Forms
Ring2 Conferencing,Forms
RingCentral,"SAML,Provisioning,Forms"
RingCentral - new EntityID 2018,SAML
RingCentral - new EntityID 2018 EU,SAML
RingCentral - new EntityID 2018 UK,SAML
RingCentral AT&T,Forms
RingCentral Euro,SAML
RingCentral UK,Forms
Ringio,Forms
RingLead,Forms
RippleHire,SAML
RippleIT - CrashPlan Pro,Forms
RiskIQ,SAML
RivalMap,Forms
RJMetrics,Forms
Roadmap,Forms
Roadmunk,"SAML,Forms"
Roambi,Forms
Robin,SAML
Rocket Chat,SAML
Rocket Matter,Forms
ROIReferenceView,SAML
ROIReferenceView Sandbox,SAML
RolePoint,SAML
Rollbar,"SAML,Provisioning,Forms"
Rollbase,Forms
Rondee,Forms
Ronin,Forms
RosterLive,SAML
RosterLive ESS,SAML
RouteOne CAS Login,Forms
RS DataWeb,Forms
RSA Archer eGRC,"SAML,Forms"
RSAM,SAML
Rule.fm,Forms
Run My Process,SAML
RunMyProcess,Forms
Runscope,SAML
RyeCatcher,SAML
S&P Global Market Intelligence (FKA SNL Portal),Forms
S3Stat,Forms
Saasu,Forms
Saba Cloud (SP),SAML
Saba People Cloud,SAML
Saber Global,Forms
Safari Books,SAML
Safari Books Dev,SAML
Safe Harbor Registry,Forms
SafeSync (as a Service),Provisioning
SafeSync as a Service,SAML
Safety Sync,Forms
Safeway,Forms
Safeway Delivery,Forms
Sage People,SAML
Sage Virtual Terminal,Forms
SAIA LTL Freight,Forms
Salary.com,Forms
Salesforce,"SAML,Provisioning"
Salesforce [FederationID],SAML
Salesforce Communities,SAML
Salesforce Desk,SAML
Salesforce Portal,SAML
Salesforce Sandbox,SAML
salesforceIQ,Forms
Salesgenie,Forms
SalesHood,"SAML,Provisioning"
SalesKing,Forms
SalesLoft,Forms
Salsify,"SAML,Provisioning"
SAM.gov,Forms
Samanage,"SAML,Provisioning,Forms"
Samanage Branded,SAML
Samanage EU,SAML
Samepage Labs Inc,SAML
SAML Test Connector (Advanced),SAML
San Francisco State University,Forms
SANS,SAML
Sansan,Forms
SAP byDesign Staging,SAML
SAP Cloud for Travel and Expense (encrypted),SAML
SAP Fiori,SAML
SAP Netweaver ABAP,SAML
SAP Netweaver ABAP WMF,SAML
SAP OnDemand,SAML
Sapling,SAML
SAS Curriculum,Forms
Sauce Labs,SAML
SAVO Prod,SAML
Savv-e Central,Forms
SB Web Test,SAML
Scala Enterprise,Forms
ScaleFT,SAML
ScaleXtreme,Forms
Scalr,Forms
Scansafe Cisco Cloud Web Security,Forms
schaerer,Forms
ScheduleOnce,Forms
ScheduleOnce (Google),Forms
Schoology,Forms
Schoox,SAML
Schwab Institutional Advisor Center,Forms
Schwab Institutional Advisor Center - MFA,Forms
Sciforma,SAML
SCIM Provisioner with SAML (Core Schema v1.1),SAML
SCIM Provisioner with SAML (Enterprise Schema v1.1),SAML
SCIM Provisioner with SAML (SCIM v2),SAML
Scootle,Forms
Scorpion Software,Forms
SCOUT,"Provisioning,Forms"
Scout Labs,Forms
Scout Test,SAML
Screencast.com,Forms
ScreenSteps,"SAML,Provisioning"
ScreenSteps Live,Forms
Scribd,Forms
Scribe SEO,Forms
ScrumDo,Forms
SD Elements,SAML
Seamless Corporate,Forms
SeamlessWeb Professional Solutions,Forms
Search Monitor,Forms
SearchForce,Forms
Seattle Clouds,Forms
SECockpit,Forms
Secret Server,SAML
Secunia,Forms
SecureDocs,SAML
SecurePlan,Forms
Sedo,Forms
Seek,Forms
SEI Advisor Center,Forms
Seismic,SAML
Selectica,Forms
Self Directed IRA (private computer),Forms
Sencha Space,SAML
Send Word Now,SAML
Send2Fax,Forms
SenderScore,Forms
SendGrid,Forms
Sendible,Forms
Sendicate,Forms
Sendpepper,Forms
SendSafely,SAML
sendthisfile,Forms
Sensio Connect,Forms
Sentrilock,Forms
Sentry,SAML
Sentry On Premise,SAML
SEO and Go,Forms
SEO&GO,Forms
Seomoz,Forms
Sepracor (TAMR) (under construction),SAML
Sequoia Benefits,Forms
Sequoia Equities,Forms
Sequr,"SAML,Provisioning"
ServCorp,Forms
Server Density,Forms
Server Intellect,Forms
ServerLogistics Webmail,Forms
ServiceChannel,SAML
ServiceNow,"SAML,Provisioning,Forms"
ServiceNow - APAC,SAML
ServiceNow Express,SAML
ServiceNow Multi Tenant,SAML
ServiceNow QuickLink,Forms
ServiceNow redirect,SAML
Serviceplan Solutions,Forms
ServicePRO,SAML
Servo Medialets,Forms
Setster,Forms
SF Sites,SAML
SF15-Sandbox,SAML
Shape 5,Forms
Sharebuilder,Forms
ShareFile,"SAML,Forms"
Sharefile for Alt Login,Forms
ShareFile VDR,SAML
Share-it!,Forms
ShareMethods,Forms
Sharepoint,Forms
Sharepoint Client Portal,Forms
Sharepoint Client Test,Forms
Sharepoint Internal Link,Forms
Sharepoint Quicklink,SAML
Sharesale Affiliate,Forms
Sharesale Merchant,Forms
Sharesight,Forms
ShareVault,"SAML,Forms"
Shareworks Admin,SAML
Shareworks Employee,SAML
Sharpr,SAML
SharpSpring,Forms
Sherlock Dev,SAML
Sherpa Tools,Forms
Shiftboard,SAML
ShipStation,Forms
Shipwire,Forms
ShipWorks,Forms
Shoeboxed,Forms
Shoes for Crews,Forms
ShootQ,Forms
Shop Zo?´s,Forms
Shopify,"Provisioning,Forms"
Shopify Partner Portal,Forms
Shopify Store,Forms
ShopperTrak,Forms
ShopperTrak Analytics,Forms
Shopzilla Publisher Program,Forms
ShoreTel Sky Portal,Forms
Shortcut,SAML
ShortStack,Forms
Showbie,Forms
showd.me,SAML
ShowingTime,Forms
ShowMgr,SAML
Showoff.io,Forms
Sifter,Forms
SigBuzz,Forms
Sight Max,Forms
Sigma,SAML
Signagelive,SAML
Signal Sciences,SAML
SignalFx,SAML
Signavio,Forms
SignNow,Forms
SignUp.com,Forms
SilkRoad GreenLight,SAML
Silkroad Heartbeat,SAML
SilkRoad LifeSuite,Forms
SilkRoad OpenHire,SAML
SilkRoad RedCarpet,SAML
SilkRoad WingSpan,SAML
Silverpop Engage,Forms
Silverpop Survey,Forms
SilverStripe,Forms
Simple,Forms
Simple Fund 360,Forms
Simple Reach,Forms
SimpleLegal,SAML
Simplenote,Forms
SimplePay.ca,Forms
Simply Cashflow,Forms
Simply Measured,Forms
Singapore Airlines,Forms
SinglePoint,SAML
Sipgate,Forms
Sipgate UK,Forms
Sisense,SAML
Site24x7,Forms
SiteGround,Forms
Sitelutions,Forms
SiteZeus,SAML
Skeddly,SAML
Skilljar,SAML
Skillport,"SAML,Forms"
Skills Base,SAML
Skyfence,SAML
Skyhigh Federation Service,SAML
Skyhigh for Dropbox,SAML
Skyhigh for Syncplicity,Provisioning
Skyhigh Networks,SAML
Skylight,Forms
Skype Business Control Panel,Forms
SkyPrep,SAML
SkySQL,Forms
Slack,"SAML,Provisioning,Forms"
Slemma,SAML
Slicehost,Forms
SlickDNS,Forms
Slickplan,Forms
SlideRocket,Forms
Slides,Forms
Slido,SAML
Small Improvements,SAML
Smallbiz Payroll,Forms
Smarsh,"SAML,Forms"
Smart Turn,Forms
SmartAuction,Forms
SmartCabinet,SAML
SmarterU,SAML
SmartLead,Forms
Smartling,Forms
SmartPros,SAML
SmartPros (Staging),SAML
SmartRecruiters,SAML
SmartSheet,SAML
Smartytask,Forms
SMEStorage,Forms
SMTP.com,Forms
Smug Mug,Forms
SnapEngage,Forms
Snaphire,SAML
SnapLogic,SAML
Snowflake Computing,SAML
Social Hill,Forms
Social Tables,SAML
socialbakers,SAML
socialbizonline,Forms
Socialcast,SAML
SocialOomph,Forms
SocialSignIn,SAML
Socialtext Hosted,Forms
SocialWok,Forms
Socket,Forms
Sococo,Forms
SoftLayer,"SAML,Forms"
SoftwareMob,Forms
Solana,Forms
Solarwinds,Forms
Solarwinds Customer Portal,Forms
SolarWinds WebHelpDesk,SAML
SolusVM - Client Area,Forms
Solve360,Forms
SonicWALL,Forms
Sonicwall for IE,Forms
Sonicwall VPN,SAML
Sookasa,SAML
Sophos,Forms
Sophos Cloud,Forms
SORACOM,Forms
SORACOM - SAM,Forms
Sothebys International Realty (Members),Forms
Source Tax Online,Forms
South Carolina Blues,Forms
Southern Trust,Forms
SpaceIQ,"SAML,Provisioning"
Spark,SAML
Sparkcentral,Forms
Sparkpost,SAML
Sparkroom,Forms
Special Education Information Systems,Forms
Speechpad,Forms
Speedyrails - Control Panel,Forms
SpendBridge,SAML
SpendBridge (relay state),SAML
SpiderOak,Forms
Spigit Engage,SAML
Spira Team,Forms
SplashData Sandbox,SAML
Splunk,"SAML,Forms"
Splunk Dev,SAML
Spoke,"SAML,Forms"
Spokeo,Forms
Spotinst,SAML
Spotlight Home Tours,SAML
Spotlight Reporting,Forms
SpotlightTMS,SAML
SpotlightTMS Staging,SAML
Spredfast,Forms
SpringBoard,Forms
SpringCM,"SAML,Provisioning"
SpringCM - UAT,SAML
Springloops,Forms
Springpad,Forms
Sprinklr,SAML
sprintly,Forms
Sprout Social,Forms
SproutSocial,SAML
SproutVideo,SAML
SPSCommerce Hosted,Forms
SpyFu,Forms
Sqoot,Forms
Sqrl,Forms
Square,Forms
Squarespace,Forms
Squarespace 6,Forms
Squidoo,Forms
SSLs,Forms
St.George Internet Banking,Forms
Stack Overflow,Forms
Staction,Forms
Standing Cloud,Forms
Staples,Forms
Staples Advantage,Forms
Staples Preferred (.ca),Forms
Staples Rewards,Forms
Star Alliance Company Plus,Forms
Star Transport (sisense),Forms
StarCompliance,SAML
StarLeaf,Forms
StartUpHire,Forms
Startuply,Forms
Statamatic,Forms
State Farm Insurance,Forms
StatsMix,Forms
Status Hero,"SAML,Provisioning"
Status.io,Forms
Statuscake,Forms
StatusDashboard - Administrator,SAML
StatusDashboard - Dashboard,SAML
statushub,SAML
Statuspage.io,SAML
StealthSeminar,Forms
SteelHouse,Forms
Steelwedge,Forms
Steeple,SAML
Sten-Tel Technology,Forms
Stir,SAML
Stockpair,Forms
Storm Cloud Servers,Forms
StoryBird,Forms
stpaul - for bbb,Forms
stpaul - for bbb internal,Forms
StrategicFrontend,Forms
Stratpad,Forms
stratustime,Forms
Streamline,SAML
StreamWork,Forms
Stride,Forms
Strides,Forms
StrikeIron,Forms
stripe,Forms
Strongspace,Forms
Strutta,Forms
SubmitEdge,Forms
Subscribe HR,SAML
SubscriberMail,Forms
SuccessFactors,"SAML,Forms"
SuccessFactors (relaystate),SAML
SuccessFactors (relaystate) 2016,SAML
SuccessFactors (under construction),SAML
SuccessFactors DC custom w/ custom entity ID,SAML
SuccessFactors DC10,SAML
SuccessFactors DC4,SAML
SuccessFactors DC5 EU,SAML
SuccessFactors DC8,SAML
SuccessFactors DC8 2016,SAML
SuccessFactors Dev,SAML
SuccessFactors EU,SAML
SuccessFactors HCM 10 Preview,SAML
SuccessFactors HCM 4 Preview,SAML
SuccessFactors HCMpreview,SAML
SuccessFactors LMS,SAML
SuccessFactors Performance Manager,Forms
SuccessFactors Performance Manager EU,Forms
SugarCRM,SAML
SugarCRM 7,SAML
SugarCRM Local,"SAML,Forms"
SugarForce,Forms
Sumo Logic,"SAML,Forms"
Sumo Logic EU,SAML
Sumo Logic Multi,SAML
SumTotal Central,"SAML,Forms"
SumTotal Central (STAGING URL),SAML
SumTotal Central (STAGING),Forms
SumTotal Learn,SAML
SumTotal Learn (Home Realm),SAML
SumTotal Learning Maestro,SAML
SumTotal Learning Maestro (Sandbox),SAML
Sungard Availability Services,Forms
SunGard Protegent PTAConnect,SAML
SunTrust ESP,Forms
SUPERCentral,Forms
Superfeedr,Forms
Superpages,Forms
SuperSaaS,Forms
SupportBee,Forms
Sure Payroll,Forms
SurePrep,Forms
Survey Analytics,Forms
SurveyMonkey,SAML
Survicate,Forms
SWA Biz Traveler,Forms
Swarm Test,"SAML,Provisioning"
Swiftracker,SAML
swiftype,"SAML,Forms"
Swipeit.com,Forms
Syberworks,SAML
Symantec Cloud (Endpoint),Forms
Symantec Cloud Manager,Forms
Symantec Mobility Suite,SAML
Symantec Spam Manager,Forms
Symantec VIP Manager,SAML
Symantec Web Security Service (WSS),Provisioning
Symform Storage Cloud,Forms
SYMPHONY,SAML
Symplicity,SAML
Symposia,Forms
Syncplicity,"SAML,Provisioning"
SyncSketch,SAML
SYNNEX Canada,Forms
Synthesis,Forms
Syntryx,Forms
SynXis CRS,Forms
Synygy,SAML
Sysomos,Forms
System76,Forms
Tableau (Auth),Forms
Tableau (Online),Provisioning
Tableau Hosted (forms based auth),Forms
Tableau Online (forms based auth),Forms
Tableau Online SSO,SAML
Tableau Online SSO (SP),SAML
Tableau Server,SAML
Tableau Server Demo,SAML
Tableau Server(Signed Response),SAML
Taboola,Forms
Tactile CRM,Forms
Take the Interview,Forms
Talent International,Forms
TalentLMS,SAML
talentReef,SAML
Talentwise,SAML
Talentwise (Full URL),SAML
Taleo Business Edition New,SAML
Taleo Enterprise Edition,SAML
Taleo Enterprise Edition - RelayState,SAML
Talkdesk,SAML
Tamarac Advisor View,Forms
Tangoe BIT,SAML
Tangoe BIT QA,SAML
Tangoe Command,SAML
Tangoe Command QA,SAML
TapCrowd,Forms
Target,Forms
Target Corporate Gift Cards,Forms
TargetProcess,Forms
TargetSolutions,Forms
TaskAnyone,Forms
TaskforceApp,Forms
TaskRabbit,Forms
TaskRabbit for Business,Forms
TaskRabbitTest,Forms
Taskstream,"SAML,Forms"
TaxSaver,Forms
TCRC ArcaLearn,Forms
TD Ameritrade - Home,Forms
TD Bank - BusinessDirect,Forms
Tddium,Forms
TeacherEase,Forms
Teamable,"SAML,Provisioning"
TeamBox,Forms
TeamCity,Forms
TeamLab Office - TEST,SAML
Teamly,Forms
Teams 365 [Shortcut],SAML
TeamSeer,SAML
TeamsID Password Manager,SAML
teamspace,Forms
TeamSupport,Forms
Teamtalk,Forms
TeamUp,Forms
Teamwork OpenID,Forms
Teamwork PM,Forms
Teamwork.com,SAML
TechPG Sandbox,SAML
TechSmith Relay,SAML
TechSoup,Forms
Teem,Provisioning
Teem (formerly EventBoard),SAML
Tehama,Provisioning
Telcoworx,Forms
TeleSign,Forms
Telestra T-Suite,Forms
Telias,Forms
Telkom,Forms
Telligent,Forms
Telogis,SAML
Telstra Business,Forms
Tenable Nessus PCI,Forms
Tenable Support Portal,Forms
Tenable.io,SAML
Tenable.io Vulnerability Management,Forms
Tender Support,Forms
Tennessee New Hire Reporting,Forms
Tenrox,SAML
Terapeak,Forms
Terranova,SAML
TerraTrue,Provisioning
Tervela Cloud FastPath,Forms
test cengage,Forms
Test Simple Shortcut,Forms
Test Survey Monkey,Forms
Testable,SAML
TestFairy,SAML
TestingBot.com (Automated Browser Testing),SAML
TextbookX,Forms
Textbroker - client login,Forms
Textbroker - client login (UK),Forms
TextExpander,SAML
TextMagic,SAML
Thawte Certificate Center,Forms
The Bush School,Forms
The EAP (Employee),Forms
The Economist,Forms
The Email Laundry - Reseller,Forms
The Email Laundry Quaratine,Forms
The Funded,Forms
The Hartford,Forms
The Ladders,Forms
The List,"SAML,Forms"
The National Association of Personal Financial Advisors,Forms
The Noun Project,Forms
The Outfit X,Forms
The Resumator,Forms
The Tax Institute,Forms
The Wall Street Journal,Forms
ThemeForest,Forms
TheMLS.com,Forms
TheNextUp,Forms
Theravance - PeopleSoft 8,Forms
ThinAir,SAML
Thingamajob,Forms
ThingLink,Forms
ThinkBuzan,Forms
ThinkCentral,Forms
Thinkstock,Forms
Thinkstock UK,Forms
ThinkWave,Forms
ThirdPartyTrust,SAML
ThisMoment DEC CMS,Forms
Thomson One Analytics,Forms
Thomson Reuters,SAML
Thomson Reuters (configurable relayState),SAML
Thomsons Online Benefits,SAML
ThousandEyes,"SAML,Provisioning"
Threat Stack,SAML
Threat Stack Cloud Sight,Forms
ThreatSwitch,SAML
Thycotic Secret Server Online,Forms
tibbr,SAML
Tick,Forms
Ticket to Read,Forms
Tidemark,SAML
TidyWork,Forms
Time Force II,Forms
Time Off Manager,SAML
Time Warner Cable,Forms
TimeCentre Enterprise,Forms
TimeHighway,Forms
TimeLive - Demo,Forms
TimeLog,Forms
TimeSolutions (Payrollservers),Forms
TimeTrade,Forms
TimingCube,Forms
Tines,SAML
Tinfoil Security,SAML
TINYpulse SAML,SAML
Tip'd,Forms
TMC Municenter,Forms
T-Mobile,Forms
TOA,Forms
Toggl,Forms
"Toktumi, Inc.",Forms
TollFreeForwarding,Forms
Tom's Planner,Forms
Tonic.to,Forms
Tony Test Paylocity,SAML
Top Producer 8i,Forms
Top500Guide,Forms
TOPdesk,SAML
Total Rewards,SAML
Totally.awe.sm,Forms
Totango,Forms
Tout,Forms
Towbook,Forms
Towers Watson Prod,SAML
Towers Watson Staging,SAML
Town WiFi Japan FTU,Forms
Toyota Compilance,Forms
TraceGains,SAML
Trackur,Forms
TrackVia,"SAML,Forms"
TrackVia Pro,Forms
TRACT,SAML
TRACT GoTransverse,SAML
Trada,Forms
TradeGecko,Forms
TradingTree,Forms
TrafficLive,SAML
Training Peaks,Forms
Trakdesk,SAML
Trakstar,SAML
Transfer Big Files,Forms
TransFirst TransLink,Forms
TransIt Pass,Forms
Transloadit,Forms
Transporter,"SAML,Provisioning"
Transporter2,"SAML,Forms"
Travelocity,"SAML,Forms"
Trellian Keyword Discovery,Forms
Trello,"SAML,Provisioning"
Trend Micro Online Services,Forms
Trend Micro Spam Quarantine,Forms
Trendkite,Forms
TribeHR,SAML
TribeHR Users,Forms
TriNet,SAML
TripCase,Forms
Tripleseat,Forms
Triton Digital,Forms
TriWest Healthcare Alliance,Forms
Trixbox,Forms
Tropo,Forms
TrueCredit,Forms
TrueForms Online,Forms
TrueSocialMetrics,Forms
Trulia,Forms
Trumba,Forms
TrustFax,Forms
Trustpilot,Forms
TryBooking,Forms
Tsheets,Forms
TSheets Domains,Forms
Tucson Electric Power,Forms
Tune,SAML
Tuneyfish,Forms
Tungle.me,Forms
TweetBig,Forms
TweetDeck,Forms
TweetDeck Multi,Forms
TweetMyJOBS,Forms
Twenty Over Ten,Forms
Twic,Provisioning
Twinfield,Forms
Twingate,Provisioning
TwitSpark,Forms
Twitter Ads,Forms
TwitterFeed,Forms
TypeKit,Forms
Uber Bon App?©tit Staging,SAML
Uber Pilot Cust Help,SAML
UClass,SAML
Udemy,"SAML,Forms"
UltiPro,Forms
UltiPro - OTB,Forms
UltiPro Enterprise (New - Audience),SAML
UltiPro Enterprise (New - subdomain),SAML
UltiPro Workplace,"SAML,Forms"
UltraDNS Basic,Forms
UltraDNS Managed Services Portal,Forms
UltraTools,Forms
umantis,Forms
Unanet,SAML
Unbounce,Forms
Unfuddle,Forms
UniFi,"SAML,Provisioning"
Unison,SAML
Unity5,Forms
University of TBI,Forms
UniversitySite,SAML
Unleashed,Forms
Uploadingit,Forms
UPrinting,Forms
UPS,Forms
Upspring,Forms
UrbanDoor,SAML
US Airways,Forms
US Bank,Forms
USAA,Forms
USBank Image Look,Forms
UsefulFeedback/iCasework,SAML
UserEcho,SAML
UserTesting,SAML
Uservoice,"SAML,Forms"
USPS,Forms
Utilibill,Forms
Vacation Bidding,Forms
ValiMail,SAML
Valimail Defend,SAML
vAuto,Forms
vCloud Express,Forms
VCloud T-Systems (form based),Forms
VCloud T-Systems SAML,SAML
Vedder Connect,Forms
Veeva CRM,"SAML,Provisioning"
Veeva Vault,"SAML,Forms"
Velaro,Forms
Vena,SAML
Vend,Forms
Vendormate,Forms
VentureDeal,Forms
VentureLoop,Forms
VentureSource,Forms
Vera,SAML
Veracode,SAML
Verian,SAML
Verify,Forms
Verio Hosted Exchange,Forms
Verisign Managed DNS,Forms
VeriSign Trust Center,Forms
Veristream,SAML
Veristream Staging,SAML
Verizon - Enterprise,Forms
Verlofdagen.nl,Forms
VersionOne,"SAML,Forms"
Vertex Connector,SAML
Vertex IdP Connector,SAML
Vertex URL Connector,SAML
Vertica,Forms
VerticalResponse,Forms
VESK,Forms
Vestorly,Forms
Vetter,SAML
VIA - Intralinks,SAML
Viadeo,Forms
ViaPost,Forms
ViaWest,Forms
VictorOps,SAML
Vidcaster,Forms
Viddler,Forms
VIDIZMO's EnterpriseTube,SAML
Vidyo,SAML
Viewfinity,Forms
Viewpath,Forms
VigLink,Forms
Vignette Portal,Forms
Village,SAML
Village UAT,SAML
VinciWorks,SAML
VinSolutions,Forms
Viostream,SAML
Viostream (SAML Chain),SAML
VipaSuite,Forms
Virtual PBX,Forms
VirtualTrip,SAML
Visitly,SAML
VisitorTrack,Forms
Visma Severa,SAML
Vista Print,Forms
Vistage Connect,Forms
Visual Website Optimizer (vwo.com),Forms
Viverae,Forms
VividCortex,"SAML,Provisioning"
Vivit Worldwide,Forms
VMware,Forms
Vocalocity,Forms
Vodeclic,SAML
VoiceEdge Comcast,Forms
VoiceThread,Forms
VoIP_Monitor,Forms
Voipfone,Forms
Voipro Administration,Forms
VoloMetrix,SAML
Volt CRM,Forms
VolunteerMatch,SAML
VolunteerMatch Staging,SAML
Volusion,Forms
Vonage,Provisioning
Vons,Forms
Voxer Business,Forms
Voya Financial,Forms
vSource,SAML
VSP VisionBenefits (Employers),Forms
vTiger Ondemand,Forms
vTiger Opensource,Forms
Vungle,Forms
Vuzit,Forms
Vyew,Forms
VyStar Credit Union,Forms
vzaar,Forms
W3i,Forms
Wachovia,Forms
WageWorks,SAML
WageWorks - Employer,Forms
WageWorks - Participant,Forms
Waggle,Provisioning
Waggle Test,SAML
Waiverforever,Forms
Wake,SAML
WalkMe,SAML
Wallwisher,Forms
Walmart Partner Portal,Forms
Walt Disney Resorts,Forms
Washington Times,Forms
WatchDox,SAML
WatchGuard SSLVPN,Forms
Watchitoo,Forms
WaterCMS,Forms
Wave Accounting,Forms
Wavelink,Forms
Wazoku,"SAML,Forms"
Wdesk,"SAML,Forms"
Wealth Access,SAML
Wealthfront,Forms
Weather,Forms
Web Help Desk Hosted,Forms
Web Help Desk Local,"SAML,Forms"
WebAlertPro,Forms
Webcargo,SAML
Webcargo Dev,SAML
Webcertain,Forms
WebDAM,SAML
Webex - Trusted IdP,SAML
Webex billing,Forms
Webex Enterprise,"SAML,Provisioning,Forms"
Webex Messaging,SAML
WebExpenses,"SAML,Forms"
WebFaction,Forms
Webfuser Site Manager,Forms
WebHR,SAML
WebLogic,SAML
WebMD,SAML
WebMeUp,Forms
Webmin,Forms
webPOS Login,Forms
WebQA,SAML
Webroot SecureAnywhere,Forms
WebsiteAlive,Forms
WebSitePulse,Forms
WebSmart,Forms
Websolr,Forms
WebSpy,Forms
Webstagram,Forms
Webtime,SAML
Webtrends Analytics 10,Forms
Webtrends Analytics 9,Forms
WebX,Forms
WeComply,SAML
Wedoist,Forms
Weight Watchers,Forms
WellMatch,Forms
Wells Fargo Commercial,Forms
Wells Fargo Funding,Forms
Wells Fargo Retirement,Forms
Western Union - Money Transfer,Forms
Western Union - Trackpayments,Forms
Western Union Money Transfer AT (for Austria),Forms
Westhost Manager,Forms
WestJet,Forms
Westlaw (OnePass),Forms
wevox.io,Forms
WhenToWork,Forms
Which,Forms
Whistic,SAML
White Ops Beta,Forms
WhiteHat Sentinel,Forms
WHMCS,Forms
Who's Calling,Forms
WhosOff,Forms
WhosOnLocation,SAML
Widen Collective,SAML
WidgetBox,Forms
Wiggio,Forms
Wikispaces,SAML
Wild West Domains Reseller,Forms
WildFire,Forms
Windows Intune,Forms
Winnebago Industries,Forms
Wiredrive,"SAML,Forms"
Wiredtree,Forms
Wistia,Forms
Wistia Hosted,Forms
Wix,Forms
WizeHive,Forms
Wolfmail,Forms
Woobox,Forms
WooCommerce (FKA WooThemes),Forms
Woopra,Forms
Wordpress,"SAML,Forms"
Wordtracker,Forms
Work.com,"SAML,Forms"
Workato,SAML
Workboard,SAML
WorkCompass,SAML
Workday,"SAML,Forms"
Workday Training,Forms
Workday w/Encryption,SAML
Workers' Compensation Board,Forms
WORKetc,Forms
WorkflowMax,Forms
WorkFlowMax - subdomain,Forms
WorkFlowy,Forms
Workforce Guardian,Forms
WorkForce Software,SAML
Workforce Velocity,Forms
WorkforceGrowth,Forms
Workfront,SAML
Workfront (Sandbox),SAML
Workfront new,SAML
WorkingPoint,Forms
Workpath,SAML
Workplace by Facebook,"SAML,Provisioning"
Worktap,SAML
WorkZone,"SAML,Forms"
WorldatWork,Forms
WorldClient - 3CNET,Forms
WorldMate,Forms
WorldShip1,Forms
Wormly,Forms
Worry Free Remote Manager,Forms
Wrap Dev,SAML
Wrike,"SAML,Provisioning,Forms"
Writeboard,Forms
WSO2,SAML
Wush (Administrator),Forms
Xactly,SAML
Xactly Incent,Forms
XactPAY.com,Forms
XC-Gate,Forms
Xendo,SAML
Xero,Forms
Xero Workpapers,Forms
Xeround,Forms
Xignite,Forms
Ximble,SAML
Xmarks,Forms
xMatters,SAML
Xname.org,Forms
XO Hosted PBX,Forms
Xoom,Forms
Xpenser,Forms
Xperia (Sony Smart Phone),Forms
XPlace,Forms
xpressdocs,SAML
XRay,Forms
XSP Crayon License Center,Forms
xTuple,Forms
XWiki,Forms
xxxxx,Forms
XZ Backup Admin - 3CNET,Forms
XZ Backup Billing - 3CNET,Forms
XZ Backup User - 3CNET,Forms
Yahoo Marketing Solutions,Forms
Yahoo Partner Management Center,Forms
Yahoo! Finance,Forms
Yammer,"Provisioning,Forms"
Yandex Direct,Forms
Yandex Metrica,Forms
Yapmo,SAML
Yardi eLearning,SAML
Yardi Orion,SAML
Yardi Simple Link,SAML
Yardi Voyager,SAML
Yardiaspla5,Forms
YardiOne,SAML
yatterbox,Forms
YearAhead,Forms
Yendo,Forms
YesWare,Forms
Yext,Forms
Yield Manager,Forms
Yieldstar Sequoia,Forms
YoHago.com,Forms
Yola,Forms
Youcalc,Forms
YouEarnedIt,SAML
Your Own URL Shortener,Forms
YourCause.com,SAML
YourCause.com UAT,SAML
Youtube (Shared Account),SAML
YouView Test,Forms
Yugma,Forms
Zabbix Support,Forms
Zapier,Forms
Zaplee,Forms
ZebraZapps Visitor,Forms
Zencoder,Forms
Zendesk,"SAML,Provisioning,Forms"
Zendesk (Self Hosted),Forms
Zenefits,Forms
Zenoss,SAML
ZenPayroll (Gusto),Forms
ZenQMS,SAML
Zenrin GIS,Forms
Zeplin,Forms
Zerigo,Forms
zerochaos US,Forms
Zesty,"SAML,Forms"
zferral .:i Login,Forms
ZignalLabs,SAML
Zilicus,SAML
Zillow,Forms
Zimbra,Forms
Zimride,SAML
ZIPFORM,SAML
ZipForm Mobile,Forms
ZipFormPlus,Forms
ZipRecruiter,Forms
Zirmed,SAML
Zmanda,Forms
ZocDoc,Forms
Zoho,"SAML,Forms"
Zoho CRM,SAML
Zoho People,Forms
Zoho Recruit,Forms
Zoho Site24x7,SAML
Zoho Site24x7 planview,SAML
Zoho Wiki,Forms
ZoneEdit,Forms
Zoom,"SAML,Provisioning"
Zoomerang,Forms
ZoomInfo,"SAML,Forms"
Zootool,Forms
Zscaler,Provisioning
ZScaler (All Tenants),SAML
Zscaler Admin,"SAML,Forms"
ZScaler Admin (2nd Cloud),Forms
Zscaler Private Access,SAML
Zscaler Private Access Administrator,SAML
Zscloud,SAML
Zugata,SAML
ZumoDrive,Forms
Zuora,"SAML,Forms"
Zuora - Sandbox,"SAML,Forms"
Zuora Support,Forms
Zycus,SAML
Zylo,SAML
Zyn,Forms
ZyWALL 2,Forms
